"n1","n2","n3","v1","v2","v3","p1","p2","p3","y"
-1.02263861010258,0.66683435493399,1.01041447258002,3.35821397068265,-0.40107698943085,2.24286918080618,0.696076974814946,-0.818875292635937,0.171335881700993,0.80277969592844
-0.113507891910299,-0.95212682494471,0.340332238810917,-1.19573718375482,-1.85865321216086,-0.35259492500141,0.340709418060477,-0.490108098050295,0.80603088514135,0.556523906317879
-2.16036392536569,0.0666180880430237,-0.131533089084835,-0.47176822835457,1.09451225892197,0.989144144906116,-1.46039592049007,-0.0577623955175081,-0.267468865539176,0.156026626491262
0.756465294067989,1.27397359326342,-0.688213329271216,0.939626735445609,0.422599352547413,-1.49096803268998,0.336185551439386,-2.03136283632016,1.75287892079823,0.988969493279934
-0.413142820930515,1.72640410624692,1.65652260883994,-0.213422531482461,1.23366989180862,-0.222692014856513,-0.394308557305848,-2.87122046713738,-0.816075121964512,0.307189861017479
-2.8707421443058,0.397745346401722,-1.1022794285091,-0.964101127957484,0.550407916207766,1.08860263596856,0.355682082463823,-0.0176303185720074,-0.778062328914898,0.269244490170841
0.132061988705112,0.920873721922707,0.492970924618606,-0.885993734981961,-1.62753404642298,1.10791625806465,2.27173987502669,0.513311717328124,-0.61145847554974,0.618678481006619
-0.194816864210493,-0.914356857552065,0.891997471789129,0.95698315356607,-1.51032648590375,-0.333388981724432,-1.15223838668939,-1.23794381291754,0.688890098666382,0.828639309112128
-0.473768733134456,0.164790102947246,-1.66528187075779,0.531878624853132,-1.80784246396221,1.47934104004849,-0.166725649428917,-0.664740951764829,-0.538611623191151,0.648456029465683
0.592715195247518,-1.12905803321419,0.641949263126131,-1.5985108009467,0.461488835575568,0.139756396948083,0.587932144351932,-0.639656644003133,-1.0429616767811,0.70507708372168
1.13143423750915,0.245653368226782,0.0443361191447723,-1.73630802169936,-0.00629951287060142,0.0738402404450216,0.850693833026823,0.840774724350362,-0.736905838245146,0.795419012097367
1.4241900130294,0.329019159435601,0.357415980660542,-1.21153339185169,-0.144427990386428,-0.901269170962932,1.44779142484257,-1.44882180282545,0.219255616015537,0.907391042566101
-1.2385420350188,0.490604620264976,-0.650512156346977,-0.0692120673949067,2.16428949799149,1.00224456161708,0.324347123786788,0.729852041367962,0.987150992434335,0.672123410830494
-0.782618571479046,-0.185843890905187,2.24911187178467,0.930494952395053,1.00716055544485,0.316605997830252,-1.10229980113037,-0.094493632779045,1.30244267925287,0.341765311174915
-0.351397311265333,-0.285769939613407,1.81287432666255,-0.264264082403612,-0.794419445251313,1.68799525174858,0.195555632003998,0.749854354065551,-0.418536342807256,0.220971080978783
-1.43226553329468,1.63684411371228,-0.962903059672367,-1.54224614099203,-0.605988225679711,-0.868828335193594,0.15569492769984,-1.69026109826028,2.25181402706839,0.795406744960266
-0.0709819272540103,-0.128121280799898,0.376213558103414,0.851869965226944,0.64732900390533,1.10468981604999,2.83177746921719,3.71576298857321,1.3506011621384,0.675344381424797
-1.7622317744105,-0.825365338986719,-0.531848279275239,1.72125440450852,0.685359415502296,1.89635451096121,-0.595216728335889,1.62626364833206,-0.314024827013157,0.762437259808446
-0.0311701991889164,0.0792976975377098,1.33276317127026,1.88698308923292,0.691732564199396,0.162720181639169,0.126037314840345,0.457454110280951,0.344605568905233,0.843114221372747
-1.24150830976975,-1.29239206439559,0.175938941483397,0.171711340116347,-0.0265499647344855,-0.943349034428622,-2.45062795679699,-1.45579474852742,-0.569097096401398,0.0276323893516557
-0.769071294848452,0.914076299394054,0.845657035541333,0.46356060073015,-0.579862301841419,0.104874070136753,-1.62095487616662,-1.37809664035247,1.44057401956931,0.311309281658078
-1.6114453504472,0.983005169188375,0.487913448275416,-0.0943020370985989,0.45877874624885,2.47500278169318,0.196916972986909,0.465094826337119,0.960584955975667,0.630191190369759
0.558842967185644,-0.648714444918467,0.721630509589207,0.954358035977257,0.94396924432132,0.0549420517416848,-1.20557565560149,0.745762422403449,-1.19320146870675,0.543797850640121
-0.688124289508207,1.5147010688768,-1.76159508822248,1.30624480539276,0.683378213464515,-0.213627915557051,-0.827074071148082,0.141121837984285,2.50848051904268,0.284060723998083
-0.637864184960151,1.09608783098646,-0.908098678457084,-0.0276037823038402,0.069494661092561,1.7482445099113,1.28444079123536,0.446779876571508,-0.495411993479717,0.80309810856381
-0.466615975547142,0.27847171141295,-0.165525986967482,0.335456032992137,0.629598528789999,-0.421159899802054,0.67261955400895,-0.637030244969998,1.04377720196506,0.9666282979898
0.58255423696102,0.927623128577763,1.25581220234878,-0.850293435355017,-1.15124113550553,1.19605464243984,0.61402290331456,-0.975504897528764,0.0752436526786625,0.297426204658266
1.17808020545692,-0.829676251455623,0.0769763543712026,-1.08364876606105,0.190659713804118,-0.0550168327021074,-1.0133874545056,0.234703137635685,-0.042706200008583,0.819129219793096
0.469794654369086,-0.718964655697919,-0.416455076001437,1.64678548477096,-1.48893756542607,-0.46578144546039,0.475818628573714,0.499138111759417,0.572435221589075,0.352894887650495
-1.47870427601666,-1.28101083447303,0.146309670132976,-1.16358485866794,0.644515436138262,0.353180865534223,-0.194114662273918,-0.679055388204592,-2.67699737287803,0.92319301690374
0.585072589827364,0.314488528366439,0.982389938643923,-0.280705854120699,-1.60969576303677,0.255103435663463,0.169925561874943,-1.87640354866355,0.901917004874445,0.130668495723658
-1.15160426982661,0.543630668140305,-1.33797616597789,2.02815735021736,1.25907181039002,-1.60034628301279,-0.535511881408428,-0.0523637275496443,1.07591834860055,0.608845140034152
-0.451200158457256,-1.66505750672079,-0.037335524113263,0.537150631050632,-0.151311040028927,1.22485205339478,0.0946309812349757,0.399500872624404,-0.472828887017882,0.774813107532385
0.216311001840756,-0.543588905161211,0.860910942431486,1.85987856847614,2.67798287850997,0.0476622098071878,0.25798808149435,-0.71403831684332,-1.6692120606643,0.514003327150576
-0.0525455328797566,-0.0975476954989132,-0.72417823450439,1.21268679457266,1.87760161624557,0.900777838459064,0.0171126164206358,-0.516987858977402,1.36267351443034,0.926879634731714
-1.94723083363076,0.527417302370472,0.0822705668875817,0.21654902969266,-1.31764664145446,0.354906107339906,1.12517119369621,-0.473131759326874,-0.00288404250122427,0.947478950145486
2.10342882062068,1.67269871859732,-2.45828338072087,0.953798799303271,-0.60179587171577,-0.857146888554898,0.209233859583843,0.523037916023875,-0.279498508986694,0.968303270901244
-0.166525651320162,0.520648988959851,0.295798949453472,0.818528873525441,0.540487803333599,-0.272302731562368,-0.801355280093901,-0.069370377652264,0.89571428778029,0.891978341974106
-0.836411183096604,-1.2513815218993,0.261939833525977,-0.41800667437736,-0.740659316517989,0.00043759789806351,-0.11670357709386,1.23612125010738,0.989635030635261,0.508426498173524
0.860413976520012,0.171449704977576,1.1236349985693,0.927957386461407,-0.813633495260486,1.05338353464563,-0.0420028137441787,-0.861360698736104,-1.17641052493829,0.828332409250039
1.0350145550963,-0.21457086328566,-1.81306704715794,-1.09012882249649,0.772820668607963,0.791837267173563,-1.37534521741129,0.713872483368455,-0.716216935174994,0.218880215458653
-0.0192271545055751,-1.03627194301824,-1.66407944850443,1.41980823369182,0.522293830064639,-0.686690135694341,-0.625493529457114,-1.38758960960661,-0.385216141470674,0.823494215698187
0.442329255414377,-1.25564428445634,-0.216238663369859,1.01487947919915,-1.34351146946956,2.37368354449998,2.15361904320597,-0.978026550815914,0.207449782889989,0.879642251163584
0.63928995267276,0.200721966269237,0.915456292542688,0.845141305453704,-1.04060438297237,1.17892240422998,-0.0152385155493337,0.688763362946214,1.44526651368596,0.473982578901851
1.78954297628681,1.92239385062987,-0.679005611162485,0.0557175727992344,-1.54766372872429,-0.149827001760295,0.595749432972401,-0.990354352790415,0.561926988316665,0.93985260923579
1.6500247403297,0.566854265061649,1.30390293352272,-0.135288147290232,0.570741604802182,-0.340131906011416,1.55903134339815,-0.263913187774109,-0.165441563706496,0.964195582827629
0.631728965508975,-0.0123898497166874,-0.266169110948722,-1.19025245173927,-1.17380400140296,-0.0436392124425233,0.948272435240592,1.09022325356018,-0.239312255265135,0.945754871017397
-0.0676006131062352,0.0497074087540444,-0.129277817919334,0.331088614714721,-0.655388731404556,-0.258524263688774,-1.80673741415242,1.51271547637614,0.630305153703147,0.947187522609114
-1.96096302379688,-0.084099168593615,0.487215435016541,0.724856391618529,2.66679667048831,-0.464892205223858,-1.31949131938649,-0.570539536555631,0.746792772756188,0.842558996710626
-1.47595241875318,0.0324840065224365,0.00545324706343527,-0.612008007146087,-0.578597370596381,0.552495239056318,-0.213095446832463,-2.48773162406962,-0.0421056321935723,0.5600123359687
-1.43994358063135,0.537972771527995,-0.423600015920761,-1.81370203438182,0.571779540482901,-2.01510530689851,0.362883970747604,0.691465878473997,-1.09811387057095,0.984551752603292
0.219797974172487,1.34977676820815,-0.486139414741617,0.831393349156928,-0.701525257974458,-0.629756759841287,0.583447347888828,1.9047083183885,0.81045093807229,0.834104437842715
0.740356391589112,-0.268245232531348,-1.58068590305451,1.00985516064485,-2.53834101782411,0.406552635451472,1.38747031163509,1.40674071304389,-0.890546317544002,0.834413742845876
-0.104998416230911,0.360538193288291,-0.658960113718253,-0.107371749131335,-0.570503517409508,-0.338322923567237,1.10478612464432,-1.79788046135588,0.60116497869748,0.936737181073039
2.28006833368982,0.5695416984517,0.61614347065422,0.0756322560764548,-0.186380657885309,-0.00637541104277326,-0.403796532391139,0.938801383749945,1.08910200048262,0.456296124246572
0.519082665713633,-0.071044351012592,1.41245714509012,1.15109102141083,0.105929429266802,-0.437337985820005,0.964394167874566,-0.34239436458968,0.091441140115018,0.133141340892177
-0.643803849519711,-1.53417744766098,-0.815526483630251,-3.48788962556822,-0.440672083387537,0.678714281235297,-1.47225453079946,0.59917563407442,-0.233926052301828,0.174129244318564
-1.60621559620031,1.25038495512702,-0.046375317789406,0.292253869427811,-1.06319993829076,-0.348972639428083,2.79157718197174,1.54658328844907,1.98499330953882,0.827832901910853
0.209545620401899,0.934444100427891,-0.530511715123102,0.358112006061433,0.640028725742772,0.595331287952879,-1.21401095729101,0.171667201464732,2.00160747169329,0.0318649971281179
-0.22538612345825,-0.202062510389726,0.144275543530483,0.620560748620323,2.15575300088174,1.13819884960291,-0.322992094369831,-0.132557042251534,-0.623433973575591,0.911876735541556
1.18446652781021,0.75496187522257,-0.923271444547536,-2.21989595802643,0.30312429946512,-0.176292316497295,0.473419384293783,-0.334776334153641,0.310759638706965,0.33782445809994
-1.50248015882244,-0.648592480955367,-0.590402338274993,-3.24026143461761,-0.887768452876145,-0.627605927676222,-0.0508740006104899,0.69027251009539,-0.0667746879319008,0.00506962572913568
-0.819937399143376,-0.0488706304183634,-0.901655495186483,-1.22600593466656,0.51277257259322,0.0121223664035199,-0.804228691067808,0.265141227861696,0.925143367985289,0.648315551279006
-0.0720223174751544,-0.799473359394061,-1.8520561068217,0.0366392332852166,-0.222944325603007,0.706198868716649,-1.22585802186699,0.240722412967936,1.42549073657307,0.849553528367278
1.17774354122856,0.062418753786059,-0.00822054313677205,-0.196118385399057,0.294533487962978,-1.49057233488067,-2.62846573634891,-0.27017201678444,-0.0584128645362672,0.810065788029712
-1.37914977059261,-0.306394269015873,-0.821153528389616,-0.290185189727726,0.778239715397569,0.233625359096201,-1.42371951085509,-1.14253418962144,-0.634501110563327,0.0445935129571865
-0.305195421271246,-0.29711317923895,0.179031295811077,0.180146991344254,1.64355557838492,-0.974083786346459,0.792274396255085,1.2642562940467,0.97200420135956,0.745141433163769
0.425991883018703,-0.0597079313547944,-0.993137562056324,-0.618188256509992,0.179873003942665,-1.70889785164781,0.25095041593191,-0.703811133972328,-2.40515185436805,0.0739732517979149
-0.660091514319365,1.34639227851763,0.866145469862443,1.21085357068725,-0.016184438723183,0.982102297119381,-0.418013742445619,0.983974475508346,-1.61539835384132,0.0309114911183545
0.495013685851583,-0.664158331592462,-0.120268768351078,-0.331033115891962,-0.591566586737956,-0.35554395889656,1.71217228642577,-1.22069273774063,-0.00257993206549363,0.395338687194807
-0.19673460432065,-1.01178394674103,-2.07925359131555,0.869362780056945,-1.01334001037624,1.92422348598121,1.01501355648294,-1.23218666572704,0.0600517452686303,0.569647131737498
-0.580346726008322,0.380514459490383,0.226665476462835,1.82262883175121,-1.10876116718065,-0.412926548685869,1.3982146854373,1.69743018432967,-0.110950978729526,0.895417090894965
-1.78299251293082,-1.32110765807998,-0.300588222183232,0.436268641961363,-0.434820016001377,-0.571288803845005,-0.875038881793432,-0.630702056894167,0.636239523123505,0.594904326915716
-1.9213449009552,0.679020404097309,-0.108473465569955,-0.0400256542907849,0.197263347179009,-1.61187287277004,0.271576497361217,0.206464243217758,-0.879100923431497,0.432979878042398
0.675836727638666,0.46091514760326,0.211240885633424,-2.55146176755292,0.296894662196702,1.34496190287092,0.0469756471455538,0.384553433817885,0.41632293749734,0.0656745613600232
0.711817452180973,-0.336705896162885,1.2566805946348,1.4774956150175,0.594839969405155,-0.891360896087589,1.53757859586345,0.790770715592721,0.692164339125087,0.487083860526442
0.0895615824161341,1.15337859394064,-0.186017019068412,0.50389471017246,0.81923232874219,0.951611824118397,0.876779210067578,-1.57864249386802,-0.0332137527420589,0.906896451594549
-1.24968102143007,-1.01362194978361,0.626379765291357,0.162969518740452,-1.55054310314835,1.06374365526066,2.17431737583347,1.39933221520447,-1.19847359349957,0.880362026131677
-1.4342698255385,0.114217572174766,0.167601901138595,-0.519655858363449,-0.769719363686292,-0.0965666337481923,-0.202242384372773,0.402064591666681,-1.21974928099673,0.483186871083169
-1.26721586484035,-0.941514671568045,0.235018610718589,0.179244233598035,0.0381387834951727,-1.36590090088164,1.55605124780299,-0.86172754876776,0.428102459051501,0.553144396019902
-0.171809879839787,-0.651858457269718,1.93459983193181,0.475783198081252,-0.777184758330606,0.737921731961211,0.989356963461918,0.640364921694559,0.0159453375260093,0.653835950006239
0.934877543746391,-0.436123981407639,1.01704620322097,-0.676427930896833,1.10684606983793,-0.69204551880568,0.9191126200989,-2.65721534665294,-0.54886670190986,0.474842204978243
0.984561106841458,-0.179946400637321,-0.220794419339307,-0.210352792008494,1.78032456021421,-0.231575101713492,-0.666020710780974,0.0994654275441163,-1.37474275461623,0.962521547324993
0.20732494071639,-1.08465245507614,-1.96261797347648,0.150096036296831,-1.1460075457369,-0.213069756959449,-0.609251088858543,0.898081340853903,-1.22190428685546,0.773074622093235
0.700366441580349,-0.610041839171674,-0.158102657817219,-1.33552383237672,-0.66421351511742,0.757785743925464,-1.38119861704408,0.19636095510033,1.19752443216519,0.095391250638381
-0.0624226377783212,1.14651451337882,-1.41719837052494,-0.748544500699844,-0.396782638224918,-0.833599269989405,0.000512525108706666,1.38578030052521,0.53786652078608,0.196844933314495
0.368058046436583,0.300524254446348,0.191277151991695,-2.35176527322723,1.47264628474817,-0.518252431116343,1.96917660792392,1.18300064801671,1.54680725030737,0.320843694573994
0.502306676689008,-1.32619466229814,-1.50639581793332,0.0552482258035425,-0.0701364057112728,-1.2606537711835,-2.21160482502802,-1.56018132520321,1.96803468390865,0.624394314280176
-2.00529600778526,0.44162840726637,-0.935235542435561,-0.258756316785707,0.262566727606122,-1.33087997971169,0.369668218915577,-1.64210775898437,0.938235939270719,0.607742424404109
-0.783920460922704,-0.555789804433802,0.238704555868631,-1.33590468280336,-0.623372764201157,-1.06052017651597,-0.468413775726385,-0.599161284934999,-0.35149673713271,0.928001077434029
1.99228222399877,-0.880292030850694,-1.65797153319009,0.126789792043346,0.452646318002211,0.959213894364735,1.05758319567718,-1.04285596896795,-1.75291955010663,0.500550560058292
0.952677485893026,1.21109226162823,0.169998392631178,-0.0549299983089531,-1.7055500957992,-1.49768193845542,-0.993988845804087,0.416232735772263,1.65244323438254,0.0833755968040997
-0.812420848683551,1.42961425257377,-1.01896153387973,-0.288803472363979,-0.181405383776568,-0.523500920732724,-0.887629965168354,0.570512161970638,0.293946901001137,0.0306406829977485
0.410120543411346,0.151076227480119,-0.32835155467377,0.0639455072712219,-0.362599563792287,-1.41956414904815,0.0451061037071204,0.366602103140274,-0.466579865936614,0.0294702490285623
-0.867829237371308,1.35983999076225,-0.641930810690538,0.182685991772456,-1.44321215647626,0.639758502864288,-0.269400202514164,1.25347135693757,0.556715288984091,0.55070726317071
0.623930409069953,1.95928996934024,0.997435355969283,-1.43106342521402,-1.8778118413425,-0.715104172510098,-0.353485552247212,0.167591385695238,1.20404032224642,0.384529472635734
1.70144962544663,1.27100113306006,0.547473953946076,0.389741586442439,0.959953220597263,1.08830971636144,0.28139226594507,0.921325641435931,1.81703676017331,0.89652737158902
-0.896647136373377,0.620366803935945,0.657929341995178,0.853500664573816,-1.23803611443511,0.34268719171478,-0.932442106218821,-0.411662859349053,1.20485902925727,0.0589035706777329
-0.464132963311413,0.630177021854252,-0.736112098947592,0.197222560891772,-0.908770129436472,-0.213347263564253,0.49580583921121,1.03357187218207,0.756492155196456,0.152654396303352
-0.0435512073193573,-1.74147586068727,0.0526981621044699,-1.76979799644519,0.467812936849517,-2.47722253672698,0.795849914553837,-0.241247849159677,-1.15879371577371,0.038751664208527
0.886825475353655,-0.863125099166725,-2.50233337463945,-1.65235578946488,-0.536353445466086,0.0773468603528728,0.308302189590867,-1.40705273231234,0.409042703021936,0.0792971818297567
-1.07116207739395,0.0556186720532481,0.0246878374888998,-0.501290196377315,-0.644222150616219,1.37187859900905,-1.58109949665437,-0.450368981193815,0.451185364087622,0.706927824837676
-0.45904797418134,0.122735018701069,0.0930702887676913,-1.32607505602854,-0.407850899573977,1.07817658480853,1.50393452027084,0.0537456459415405,1.00298377804374,0.5154004823214
0.0283904853899615,-0.0676931268315104,-0.359169807234355,2.71692812785975,-0.715486440540115,-0.104450980199177,-0.962895443164449,1.64764635144795,0.57291394072625,0.643119287378389
-1.26105146611117,0.195373123404109,0.424053641310387,0.597143812181245,0.272983665967711,2.57208691420098,-0.19506664027111,-0.355959326303213,-0.280433520128998,0.904626129272092
0.721681487891487,0.205545805037395,0.864922029224578,-0.148726604314633,0.122043660460244,-0.238394411031797,-0.217591599629067,1.10650868564875,-0.50693782293846,0.620174911892111
0.692081711700122,1.30090116452013,1.3757625935656,1.2346106126861,1.12970607415507,1.17482418433068,-0.204767460560274,-0.797393023383995,-0.150686042038298,0.871092776466423
-1.09877770522148,0.959544316671454,-1.64491883967891,-0.474446505038187,-0.293571229051669,-0.112191849279149,-1.28075357206437,-3.23781775358309,0.525965040572666,0.360066909366373
0.591596435799211,0.907410072211091,-0.75208159602096,-2.30972246428703,-0.669444580068393,-0.192287627177671,0.102130701998743,-0.239203862684291,0.623922656159001,0.48689403680938
-0.0895602527137589,0.194196819399669,-0.238782712464459,0.861664133428536,-0.0998254932164441,-0.60314306097087,-0.720856955884135,-2.14787734467709,-0.114642374895932,0.65552602187049
-0.213625633798905,-1.67728187370174,1.17819577908942,-0.0139249558572297,-1.37194347873235,0.270856370721685,2.50492405806425,-1.12334231670863,-1.68513141115904,0.436930793955688
-1.09141220081951,-0.107882385330068,-0.452412112027684,-0.467709650997382,1.49182026667997,-0.113219294930978,1.86411252739875,-1.87635382835085,-1.4737907374526,0.819310520267281
0.898642110162516,0.727988835305891,-1.5740956336713,1.92596739575254,0.302852276706762,-0.805176711573429,0.847599657165188,-0.665659083288144,0.19660629142835,0.681027248414024
-1.65996734105694,0.755033262211691,0.580876198080132,-1.26615851945602,-1.79057718644148,1.29326800871586,-0.682487240976139,-0.480231301950533,-0.391908066503604,0.226857056398865
0.113074890374513,-0.140082899483354,-0.459206564243835,-1.21757494253446,0.797175230248065,0.284610795315453,0.41828253896187,1.27280956668858,0.212183713256724,0.752337803082424
0.228343835651107,-0.484031275437343,-0.95346455839499,-1.22990555854585,-1.82732455657585,-1.03583354940929,-0.920993857698295,-0.328397009124959,0.0160112767333354,0.539599893477664
1.39927862183071,-0.0448197671381033,2.4848307214953,1.29613849645372,0.542573155698751,1.60896244830233,-0.548613710519863,-0.965104817784193,1.86966590763613,0.773187208830356
0.683108492704975,0.607082341491244,0.146715075850038,0.170471728477902,1.98901050262271,0.144321872382281,0.740593145249977,0.0245937102054406,-0.507635481169309,0.408963167770295
-0.279268865383481,0.121948970658136,0.684106489740615,-1.31974769105931,-3.22310118702426,-0.80470622293996,0.743881677277274,-0.149258134724592,0.105152311183487,0.144628702859323
0.649712133319728,0.551135500561921,-0.352997844943227,-0.300902954769662,-0.894532024242918,-2.90047135005547,0.370900532998585,0.403605705025865,0.338639429859457,0.519224220298567
-1.97515497310621,-1.85558996320363,-2.11397186388917,0.139832663894738,2.01603841252791,0.609364362859794,-1.85388683208181,0.0176700960668442,1.47213115265177,0.402090191440189
0.852849377963044,-0.12318473543474,-0.90246294859348,2.39458599266469,0.729082140030112,-1.15721210100681,0.0849867541278091,1.56449468501053,0.292360120615202,0.705784301558621
0.448009869697046,0.497721479548216,-0.887345832189163,-0.168660415392427,-0.633378719312326,-1.6434054240257,0.0648089768652874,1.39212502930336,-0.0863063426795496,0.0750324033318188
-1.41061665279982,-0.193269512400986,-0.665744763656083,-1.17073256509892,0.947066116369782,1.28923511141645,0.82901829771359,-0.380418412849882,-0.544485323283201,0.129023118266333
-0.134882108402595,-2.43973063302622,-0.16796718849175,-1.40174062608669,1.91791152635479,-0.324387021536476,0.754079389060152,-0.652132619027645,-1.21792336940136,0.0148756602973133
1.06639489895541,-0.578148367307478,0.586997005424427,2.2518790419525,-1.13903560894377,-0.77227421951575,-0.782089159309574,-0.00892807158683119,-1.76823085191626,0.235691108746
-1.28495324036956,0.00987670967668774,0.373854473478688,-1.23929694827433,-0.348439697451827,0.999552987875876,-0.688036823841444,0.355652534878633,0.296143250157258,0.853677273433385
-1.25102738704617,-1.77970486905725,0.982421516813778,0.701937490102519,1.23439765492599,1.13851465798291,1.49252784895942,-1.19776112228587,1.143420153534,0.912498237342077
-0.277568270431712,1.22687849965158,1.73991391771553,-0.563954313675536,-0.449943567121408,0.484220197484973,-0.160678510665044,-2.01648510738773,-1.21260364900851,0.753434241018025
-1.72480068792265,0.584375358407946,0.62895341897535,1.00788701234975,0.547043046152842,-2.16017323625471,0.274964752140629,-0.306653486250823,0.921742306271124,0.569216236207454
-0.525103230098466,0.336008701521632,0.9606405977414,0.349228446133397,-0.915917180039726,-2.7717288581286,-2.59014116841767,-1.14973719238312,-0.329135046733893,0.250481405250392
0.562482523066226,0.535847893734134,-0.254814268609966,0.21419801671009,0.926915154974737,-1.1160960292068,-0.652711225338793,0.0987893506154795,-1.24877446962177,0.248668252427888
0.510915696799165,0.831010942751355,0.749604677327219,-1.93785723516432,-0.0876770124010035,-1.48889608162798,0.51389378630804,1.99000237142168,-0.988273144543245,0.905033884887295
-0.232204056818881,-2.14979408258031,0.933504824899641,-1.20619286587725,-2.78125253984842,-1.55516832636341,-1.30776169700217,-0.658491231170298,-0.959129730392638,0.198135473176182
1.65435669993366,-0.536474742237534,-1.84623568995904,0.167826121766288,-1.22231161223125,-1.28829548786445,1.28809054360265,-0.670859609572528,-1.36873825684193,0.986481609204545
1.15511423164573,-0.0859225110629538,-0.59225126871311,-2.31130529562676,0.497895732984809,-0.506155955911582,1.13903618745302,-0.126314697848598,-1.22190269633021,0.887944514615374
0.460208766286626,-0.412939128833546,-1.97124259275523,-0.0307807718578518,0.612599562953919,-0.472581560932634,0.767166135483979,0.291312292782599,-1.06776751789148,0.469233569024291
-0.541875673179121,-1.15682213446966,-1.01339949003386,0.876213018088869,1.92816648000783,0.654717757025857,0.830495654257715,-0.405988791699522,-0.675765991689251,0.958176577945335
0.54752627899616,-1.38621384871111,0.901640803946874,0.536537218147298,-1.38132068986977,-0.156181174636958,0.0677349363458243,0.751333648189513,0.0950715727389671,0.0782623688114675
2.86403643963802,-0.986666527962962,-0.0929567213239149,0.736227021879027,0.249708205580958,-1.28817852168023,-1.4695218644584,-0.0873912986499561,-1.06947838407748,0.838666110358071
-1.48540727079273,-0.228535891740624,0.0593859256188876,1.25839496612664,0.801092615586781,-0.701559818066654,0.565189190628504,-1.26898595659219,0.06773158390772,0.717124215298142
-0.0128411344460213,1.40586714919093,0.299258679753448,-1.2297852074154,0.541627340809066,-1.56390022078549,-0.00154403863965539,0.955291757062037,1.11484908276127,0.0485347623000698
1.59287420271477,-1.7744315477081,-1.31256547982149,0.188671114893398,0.791343733390145,-1.07348648723298,-0.611572008728348,-1.07688345758209,2.21671653447333,0.303863333036216
-0.733754057928126,0.48414430946494,-0.555614783398383,-0.699877333392181,-1.06413662282965,-1.58370125197396,-0.323943878626971,-0.161764629220766,0.638841530179734,0.567767007666545
-0.788936500466137,0.531784989773321,1.45528977390809,1.02228040596696,-0.667961804846144,2.40732189562903,0.480085614097939,1.3859307701326,-1.15336976700047,0.338508609437384
0.229388767375529,1.09093078115309,1.27971376204982,-0.276940914965264,-0.293714970832635,-0.253026819300371,2.6816887105208,0.945011913930603,-1.03184896824913,0.309940379998697
1.91626970141271,0.33228994388079,0.202660722856104,-0.448959043315002,-0.199528776387898,1.19491398890949,0.755005842036265,0.551099314466476,1.38344291396261,0.0181013607809491
1.49663239170485,1.71844471980262,0.443455700204693,0.685424509925551,-0.694175694475786,0.770203746778317,0.303741899274936,-0.169136379058858,0.640761299561964,0.422222003978072
-1.68713031977623,-1.31318583402222,1.04849794897366,-1.00943414903031,0.2572641897157,-1.08904577279296,-0.126241081208051,0.914105410054017,0.905725089862744,0.197494819556973
0.396329952435089,0.5418524430504,0.285099616874756,-1.04689200888855,-1.21385521145809,2.30297526405511,0.452398774644302,-1.51934792837956,0.851621802322982,0.374564949659396
0.185366217747494,-1.06412767501728,-0.343812658486655,-0.998220499275163,1.74164066192367,-0.119268965588897,0.535599801564041,-0.740223224110674,1.07148697875983,0.764600860446169
-1.19983809081369,-0.754434657274373,-0.22290095199801,0.0160884753025595,-1.09999438152976,0.417641665933526,0.18195906328081,0.01785871410551,1.08645234060109,0.500055716330232
0.518423835369342,-1.14500382984523,0.722366561338808,-1.61003883957072,0.475047153558943,0.364258634306628,0.398113654861436,0.283964479647715,-1.32270223549585,0.0479353042414826
-0.162304210599679,0.0330868708468652,-0.606717598007058,-0.703112161626322,-0.0578227475151277,-0.297332024707124,-1.50755852555048,-0.309664155601478,-0.945656079341688,0.947169092302016
1.58957987899549,0.313802142614632,-1.60087809599097,-0.776518820486839,0.976905313613419,-0.152305372786519,-1.02505460184177,1.39876522278443,0.984731824644223,0.564361118960506
1.68028406045513,-0.577247758678841,1.82804198509387,-0.986711526589113,-0.934291754838925,-0.614523377291871,0.778720515256937,-0.968793370198251,-0.689604194300717,0.0612009425027897
1.41919578725956,0.584194908027321,-0.505161106760997,-0.0807005202418141,0.748659990497784,-1.27501293644829,-1.44179548373343,-1.52929695642474,0.990478047570571,0.778746018628271
-0.483127859668308,-0.952326889529971,-0.979813605360899,-0.633218579813121,-0.274774274108885,-0.134296829903903,-1.22202148717189,-0.153080269484012,0.888790653295743,0.950906504135294
-0.722183460867852,2.61947145808712,-1.41305019757937,0.694480838663849,-0.851283478069131,-0.0680101506615069,-0.199578242060414,0.131757080232838,-0.0420011084399926,0.833535737247232
0.831871319883037,1.76356383231272,-2.11921007317437,-1.9193954528512,-0.607276015845487,-1.34095219600504,-2.52286226536601,-0.279420709149755,-1.14507066816064,0.877351754484069
1.12287250648888,1.79104490974841,-0.663056286141396,0.672178837151359,-0.743477257575387,-0.0277378356923895,2.24634662840499,1.27317653807756,-0.17240997977902,0.655054405249038
-2.07745134485803,0.281886362052953,0.333840028925833,0.971825039817782,1.39517959034338,-0.251882091211025,0.0683472656417543,-0.54355964434841,0.588599821809349,0.412662886610068
0.740131291726506,0.608925980191959,-0.421958145696046,-0.574999014578478,-1.66500328348204,0.645522663709351,0.425567421785676,-0.203198849899381,-1.14185150392363,0.814086373944723
-0.210338883419172,-0.844002778517817,-0.260492141573078,0.0690544292179098,-1.8057220065252,0.815925780538613,0.426704456328748,1.0315819740349,1.02796659550723,0.6830174407292
-0.24027668113063,-0.0586050353737614,-1.87028355000877,0.347353854010666,-0.0581040855701974,-1.03537609478212,0.820240298181064,1.56824485036205,0.0545670007229245,0.620807482753879
-1.78767077281846,-0.0721787543045836,-0.861497261209073,-0.591710963665295,0.703847839432359,-2.26322621421246,0.34094907732199,-1.63856999661621,0.0455574164214723,0.57936209324605
-0.75759588440304,-1.06494581335033,-0.141949694704099,-1.42735907850253,-0.462390482746604,-1.52283024198191,-0.0178017095790071,-0.141477204974328,1.73516578056817,0.109301163633969
0.730552318122114,0.175165770936917,-0.497755807565756,-1.10716962617972,0.174176468956745,-0.157063695258231,0.748452040169907,1.39999387880426,1.87778665555394,0.386163234931304
2.53259169863037,-0.579478978777578,0.160712935007339,-0.732314795744845,0.226389438270852,1.47467473485655,-1.91851277168075,-0.340682325270495,-2.1136187533585,0.701102525459455
-0.923802092452876,0.303080471900164,1.05538538018764,-0.889957529402629,-0.069316471073141,-0.897602340814295,-0.0969508009482187,1.14383395048429,-0.195064288375736,0.126899097491842
0.077933483028289,-0.334779069511974,-1.0390776495415,-0.138048084196441,-0.962880650583451,-0.754232967315541,-0.342102272135013,-2.30633895022836,-0.549933872149559,0.0296842760300011
-0.0470527774790864,-0.150541420614421,1.09952624237419,0.308019576039313,1.01325463334853,1.42945902616882,-0.411084738350107,1.077834671843,0.259966967495303,0.347255005963778
1.16761203189728,1.0297127985987,-0.980882334057534,-0.532987468735727,0.191794171268492,0.424220798520693,0.538349629199981,1.00779728785025,-0.77383770976949,0.872586310332378
-1.39776186138286,-0.176603340927389,1.37691301898744,1.07127317902698,0.410305698939138,1.16697338282223,1.05324616207718,0.595797129848348,-0.283658561247734,0.963240873049374
-0.353388261719846,0.461761767513396,0.799650127255033,-0.612491782098702,1.08102809514775,-0.982818382912616,0.135552769682586,0.610259954073096,1.25385278342857,0.0734881044492488
0.018097957384143,1.57915110350605,1.14064658371893,-0.790777779471488,0.127046170444572,0.699898316567932,-0.311608542425702,0.722265107881031,-1.40404526389726,0.823054227479649
0.909567822035577,0.370606842428231,0.846759520512717,-0.765232267173156,0.419950201337795,0.110688149222946,-0.956898242080096,0.192770813876769,0.645114861013559,0.927523240944886
0.331015266280732,0.149283951595561,-0.436234947606806,-1.38179202972841,-0.711017436118399,2.07125270112329,-0.219596711509344,-0.867585910016488,-0.99243436613784,0.0034734724756534
-1.3009567945057,-0.714004779375783,0.209983805483375,0.818159703897286,-0.422952968434301,-0.340639103576914,0.461866909894435,-0.824361992184529,0.000878565825658091,0.501913667719728
-1.39289326462908,0.183582543323194,-0.206331561598007,0.187973298420303,0.186278842444177,-1.21130914650046,3.25282853787171,0.358680851417442,0.992438427622955,0.40946466461453
0.0938620580309718,-0.449864244074886,-0.6330321576718,1.01401266650118,0.998031730657406,0.174988893430598,0.552629144523165,-0.728292282401476,-0.536210010283219,0.99709453973779
-0.920476328463853,-1.11652091281968,-1.92446727230331,-0.164910472975287,0.0598667441019829,-0.251600693126453,2.01696555802705,-1.27353494231714,1.5510064447146,0.615762355094647
0.47393155378496,1.45715758555176,-1.52026740315135,1.15645043929231,0.3291075878329,0.679175521085281,-1.04297169588399,0.738423610069071,-0.485764187418212,0.212026237999207
1.59221538228838,-0.526320834073615,-0.391239410631575,-1.43512645268584,-0.852432874236971,0.0731948152259207,-0.329920949182589,0.455834505536187,0.835339654639706,0.355238022052304
-3.00823638946863,0.213375437211521,-1.85331195019629,-0.0741100777703974,0.53137576326781,0.692199147088969,1.62733156032546,-1.04875250674814,0.516730462362581,0.296524047341811
0.494630563749366,-1.20084089994924,1.45866741336309,-0.936824073364106,-1.03715073061332,-1.096127618106,0.655397671306164,0.708539023010583,-0.0179215430449052,0.0274237209471022
-0.0883989161052207,-0.709443406263405,-0.713314595524427,0.0650902322381337,-0.796438868621797,-1.85655305835917,0.0377794886011209,-0.935379321136898,-1.20300988700095,0.0811463464238113
-1.69510662169719,-0.680379199736048,0.932348147286734,-1.13917956289624,0.464961488976337,-0.991228250970801,1.20772460338618,-0.59495016312959,1.14404312788455,0.888098599167829
1.1062305697554,-0.61634512281147,1.5960127429521,0.871266894083591,-0.820221787933679,0.052265712584033,0.0244402084111355,-0.943171412230864,0.911444399271078,0.437110575254248
0.870847089736518,-0.0685716484010864,-0.422376859246092,-0.592302633055906,-0.0383340048932726,-0.601127178552867,1.20867201002817,-0.967378187996239,0.703867726381937,0.683417791217302
0.435703057522046,-0.452588518043886,-1.60488292672941,-0.171289443900828,-1.00055428284188,-1.84355575478691,-1.85756537307698,0.576084877612569,-0.256112698672833,0.82762449347165
0.145131530243448,-0.329727423152732,-0.0978339800803917,2.25443225291445,1.54928094341,0.146499349515848,-0.383282789570541,0.378585149371295,-0.604710876704428,0.997306883239844
-0.746852807026464,0.933190451957902,-0.570540600872525,1.42563992118068,0.0338340212644455,0.529796915986296,-0.815073368014736,1.18870700558957,-1.13322481485964,0.860023390817261
-2.02235718109447,-0.77126611623154,-0.334284214092295,-0.884168637128468,0.419412063237473,1.0929792640269,-2.24625689373251,-1.06885943993031,-0.782068717793846,0.195710354181683
0.746946290368871,1.47444577243646,-0.340138896569702,-1.77475657380688,-3.34783054918451,0.725230796808571,-0.789313182716909,0.457034413768592,-0.253013910011778,0.010873181827338
0.35300090547353,-0.689147701570298,-0.45446955784927,1.58385265607772,-1.98964755310457,-0.964046543315661,0.642535218041197,0.346315707458545,-0.865434560725385,0.409736962013498
-0.88512922642539,-0.226764413160766,0.764183544128782,1.1910777281702,-0.397800003002065,0.428919550178845,-2.25069384680934,-1.53497334175884,0.224054879271741,0.272805865130094
-1.94087828222543,0.401166063577309,-0.697719711409725,2.19241469837901,1.35403073823921,0.955547697996269,0.113960677185553,1.51204762526924,-0.93216229113607,0.921574243873793
-0.472265160421114,-0.641466015243973,-0.847419282569226,-0.128719938082284,-1.28754979893733,-0.880593440428148,-2.4156687143024,0.129200416106405,0.461125454310614,0.437250670420613
0.12458559537416,-1.00168689968487,-0.110606681756678,0.187339787482942,0.880736039606638,0.256027213080508,0.145299314007041,-1.93888569775366,-1.6182095375766,0.97157323286874
-0.26192052338491,-2.57687702333592,-1.14035294182563,-0.302024541904369,-0.0815195329369384,0.493630084920258,-1.24948064085379,0.565723557357223,0.126989639310881,0.237278832392294
3.00152730720668,0.664206694602418,1.23296801979919,0.368794373975829,-0.323253450568024,0.479588859198487,-0.785358144950838,-0.318107456391019,1.01235300097546,0.113406733445868
0.87735175669832,1.21860777361241,-1.1463143371836,-0.670923524329198,-1.00648001489563,1.86906537072637,0.240222922043189,-0.155744167900735,-0.249911408754289,0.523747935553249
-1.624701714196,-1.79592789766153,0.7551501847939,0.519007873003921,-1.40426766002436,0.864466834950643,-0.277830922224725,0.80031774469278,0.459436064079166,0.587497301573462
0.605996001858596,1.32827760541258,0.911569206090836,-0.238792569865811,-0.0232295300775809,0.562111901968451,1.25878020780951,1.43475505489903,-1.01816285862406,0.196279753955243
1.77761063124026,-0.912087240167486,-1.28377996357907,-1.06266560005454,-1.72840730427157,-0.285783826028377,0.893803846483867,0.104125461623147,-1.1600359547054,0.132092925973583
-0.232964780237138,0.0086648753727535,1.85739381025064,-1.31108830994416,-0.104023726251982,0.97223388413925,0.533296456369267,-0.218806956819515,-1.26114678853584,0.0109844781758366
0.589196137484746,0.77736877339498,-1.07789854099464,0.34343407772922,-1.43934120706123,1.29000764245445,0.444452144378653,1.08804077701765,1.86008287892139,0.107836046657937
0.895330666142863,-0.307682232805689,-0.110066172864343,0.456760220467514,0.835326546695455,0.240725577813953,0.0988078218146356,-0.892128019547657,-0.167533379884446,0.602979477487787
-0.0876653918223924,1.38740399197625,1.36873964167922,0.354523483422495,-0.0689076709980536,1.14189954702912,0.608009668323141,2.84329596567972,0.614212409028326,0.907853142534267
-0.415065455873166,-1.69437506655669,0.228030095030752,0.674929687101594,-0.513395324043985,0.760985474696428,-2.0175934098561,-0.547524431649813,-0.976057760091115,0.303973885832478
0.124048266864789,-1.22185681029331,1.70215047034144,1.50964332119792,2.07307364309602,-0.339906833237165,-1.66280332831971,0.581547154767733,2.34660799552727,0.379527707214509
-1.87668074620585,-0.951707136643679,-0.823985543294529,-2.43099045313293,-0.35674228640598,-0.618298725325752,-0.938182354247003,0.0439645696080737,-0.0387259120488879,0.100325907995822
0.0278370509087852,-0.453976555049627,-0.439375944213107,-0.0650687429823503,0.0656317727273427,-0.895966205833728,-1.71963933479161,0.717047118272384,1.29735090176521,0.926657974062778
-0.343141284054922,0.484506311082298,-0.133466887957837,-0.336335241356389,0.438283084994392,-1.83215599086796,0.222385152309979,0.650091003787616,-1.39527624958398,0.725009810074796
-0.9392856708859,0.994238100800299,2.81600556650324,0.38232477872175,-0.654861117874093,-0.939330414334197,0.22149366698086,0.0952023705056984,2.8947654174541,0.374808529378444
0.53211334011725,-0.423211860410187,-0.36487461962292,-1.94094826850137,0.793761744104868,-0.525388138036168,1.60552771977037,1.07915475787385,1.12549693751672,0.811764123213365
1.37446202598822,1.11096762269072,1.32575196907566,1.21252020389388,-0.253992329637132,-0.832048000808479,0.726981385584569,-1.43312423121113,1.40836654934297,0.772199922870278
1.42816119641714,-0.769871968032678,-0.527264458687146,-0.760908985667414,0.186059537363909,0.532100447204227,0.392683045238921,-0.220420732435583,0.653178211891912,0.482940493831051
1.22830863071586,1.99685804762051,0.390553236567104,1.41485542896079,0.79806258636702,-1.06534503757624,-0.470175673770748,-1.33398182749246,-0.876952323749355,0.255386258668986
1.48593765336917,0.577378167784986,-0.680419295791911,0.0453247617419345,-0.401207161198128,-0.481651429882933,2.07527672379474,1.63729253937872,0.876786676014921,0.213433126959748
-0.713437359303198,-0.559969019368903,-1.56887459207118,-0.817004211779076,-1.41186635949026,-0.361728872999386,-0.369153081706817,0.0854071820672329,-0.193984650417205,0.385326552376715
0.448744248037184,0.0522075403185517,0.945100278685664,-0.0925387851822667,-0.996340506914118,-0.198247378852365,0.973878484561849,-1.90796550832998,-0.616651672006175,0.00400156257034524
-0.414411700575341,1.65716187244837,-0.843090979490974,-0.120926619211677,-0.847999848070062,-1.2391784134133,-0.614069125308635,-0.202055258325289,0.0303019589119734,0.0654619302387821
-0.151833689980194,-0.365571676917085,0.0981918242690281,-0.484747524377358,-0.559593883322687,-1.06208535036209,0.302816556436121,-1.32509907839128,-0.709497288664742,0.324073371044445
-1.95006256573104,0.319010017506676,-0.0267414309049585,0.0919152352585066,-0.78655181742209,-1.16157745342791,-0.618751805176808,-0.447745462667123,0.466282130733337,0.858177082092475
-0.406481602102554,0.712237928711904,-0.0304315979170641,-1.55703712646819,-0.497969062037765,-0.843595713089522,-0.5253160341439,-1.03611894617688,-0.202236036868811,0.00869021708591773
-0.432621969842129,-0.0315800877106644,1.5447028246336,0.32831529923555,0.509082072602516,-1.18648783902812,-0.222222631299542,0.579888580804582,-0.712802788281755,0.49204367446709
0.208072076802435,-0.645524666201364,-2.01897671876925,-0.872963122308582,-0.804586684738827,0.808715953316374,-1.34622654628877,-0.862607866264071,0.508781446048915,0.875663036507477
-0.619848018027226,1.19683696462321,1.26885358592166,-0.807301585869051,-1.84944874932668,-0.257184273771712,0.809622810911973,-0.113608016230423,-0.652095438941496,0.30721488813326
0.670776639078029,1.37987149987338,0.837174205696318,1.02267633129363,-0.568602650653888,-0.0441332962947158,-0.479179400540977,-0.257961954879505,-0.80175666661546,0.481794646281094
-0.344775557968398,1.35796664103778,0.483983560918658,-1.12698063001461,-1.49506556360741,0.8178969900987,-1.18816521593003,-1.18814745656803,-0.587320689322114,0.595424376066703
-1.88815979621828,-1.8228261408945,-0.135579295082857,2.78215234145597,1.04197485110982,-2.15447488972083,-0.850695241281321,-0.050406817127649,-1.61074227208082,0.70063756286415
-1.07930714876235,-1.98514473544369,1.01156636519681,-0.392973491944983,-1.37428348130363,0.296604673607798,-1.10641728261197,0.357090830664797,0.640098893449771,0.565001586805148
1.76026422381046,-1.50036222772657,1.01703332780977,-0.889603334632857,0.872979003088261,-0.307442302473733,0.91901867279093,-1.01721533648824,-0.102957357236297,0.577395973948626
-0.831477406329886,0.166878440304233,0.514539890407736,1.49621203422797,-0.258209648614544,0.510182402922704,1.06012360479474,0.0250036892126303,0.324920984688666,0.784056125151028
1.64352619844732,-0.921663583689076,-0.0450201541352487,0.816323211255612,-0.125058324073252,0.735902876559007,-1.7225125565602,-2.10017050762536,-0.630228537655096,0.999026776734582
0.827855423698955,0.278930916311674,-0.428178092911562,1.72431110229684,-0.947633932477642,0.332387678799032,2.37370053384184,-0.0909171955676818,0.0140448555082931,0.247301181862256
0.981350448374613,0.250423809310425,0.485193759998645,-0.370920868714609,-1.05661765113545,0.0412249084408118,-0.630724059288005,-1.36974554038962,0.639540304255744,0.62634842962475
0.0133462999577551,-1.36848703405914,0.758856185262462,1.12306771765039,-1.45629184259306,3.03899439330161,0.589842886708438,-0.786759703254024,0.218037172736518,0.229059516991074
-0.238899284881339,1.27713407818938,-0.0242735736357501,2.12104418806115,-0.414705979846307,-1.03036897346956,-0.235755460613808,2.43628720362897,-0.450863250668497,0.24497606960637
-0.190458259952015,-0.623314788514009,1.69944194303048,-0.144605866071606,-1.36318225939918,-0.148846862962244,-0.88822828995873,0.00370390689677457,0.845487740557883,0.466307575471134
0.811202652843444,0.646322675030189,2.09854860933495,0.51200351902586,-0.502264873248337,-0.276900035701605,-0.711678870513856,-3.19022205811727,-1.47477913939256,0.678718467211973
0.953590949832671,-2.74718045937752,1.23621892682732,-0.00529542932555882,-0.435058287254343,1.13431257869369,1.05660550940561,0.864130574010602,0.640220860061986,0.189845174046844
-0.686489520639256,0.605556981881176,-0.019335513849899,-0.6444429194529,-1.07398632547695,-1.49713563753485,0.882305994810719,-0.146575432156465,0.330324459700726,0.400972984828271
-1.34618062128885,-0.984495379715013,-0.417693085514116,-0.473633740875353,-0.0902242782091588,1.33727783053559,0.65000138963371,-2.00641134567027,-0.844902907544839,0.456551293388505
1.15555051678436,0.0891953467426082,0.319719181789091,0.477001196176618,0.169877449093235,0.614873380307423,-0.399280343503318,-0.474716399094171,-0.465865477927787,0.0154272391413998
-0.461310007326276,2.15379383829475,0.96004773229372,0.846285118937553,1.91257346625823,0.358336380735902,0.831872991425266,0.0825885898870532,0.737086387622434,0.278651808791774
1.00476832219944,-0.321467125677091,0.675157127189536,0.835263835543549,-0.727651146978243,-0.523423731615837,-1.21770550002075,1.44024393418103,-0.221765032422743,0.595744502136945
-0.819959503540586,2.02788683101329,-0.245595307944928,1.81821589182411,1.13322539644809,-0.588113844705081,0.218420162788062,0.0419964370131763,1.58766217164995,0.145577962019487
1.94116081255234,0.98777446254627,-0.00390403183165129,0.590729338652865,-1.35174071085792,-0.121594509562507,0.783116270413374,0.168118487157476,2.10586741464822,0.09841665003665
-1.56602145491971,1.16742222590121,-0.198930076598223,-1.61318734451357,0.483994758444152,-1.04754021615008,-0.868460802977825,0.681804331218497,1.0219451403477,0.0561027903791417
-0.441788447024777,0.768304640942408,-0.459601894036521,-0.786921001850708,0.299102436507263,-0.609631164780899,-0.835678569993803,-1.08601620963824,-1.32696027341176,0.267063150872642
-0.485688912076076,-0.617946703732891,0.319467632697779,-0.29528467823894,-0.0891149613102927,-2.5052702391489,-0.600176418462386,-0.0816052985475873,0.0812879161961982,0.227722746253465
0.68829593805405,2.06253355292363,-1.16643256203707,0.889046860146403,-0.763970209819273,-0.288326981917376,2.49168252358034,-1.3625800040861,1.38756515863554,0.762871027238787
-1.03966565266511,0.551834783184663,0.544300733622845,1.30054439374831,0.749922129074645,-0.0871236765178773,-1.20665929134701,1.25246541234647,1.05962775048341,0.693643568854698
1.1085698828868,-0.90471292431879,-1.56634322948799,-0.322739312155541,-0.794070896176163,-0.263385622375602,0.974295640665806,1.38779149446111,-0.325606421458682,0.0658731739114654
0.667472009400668,0.479989935482477,-0.715331398102294,-1.03399437676559,1.43384798163201,-0.958789987232274,0.931106836885384,1.10589944507715,0.564715571844265,0.918176089593773
0.0088487052513357,-2.44683016791846,-0.553616695231547,0.264331007115744,0.195904963906783,0.683840392343337,-0.580299591452681,1.48907781319702,-0.0745963565672297,0.437689911069534
-0.749578972370838,0.311001331122394,-0.0732894479954603,-1.895563321632,-1.52115363053791,1.3231277053365,-0.753221903277508,2.60232581517621,0.482809782855487,0.235691045866836
-0.861972504076864,-0.328419582103441,0.752882247980223,0.915702733283351,-0.775392698561355,-0.083336862252051,0.121664907017167,-0.510478751052883,1.11623115553868,0.0473112694668782
1.93002924586955,-1.85151531624374,1.59554647281298,-1.00167155999804,-0.758606076492914,-1.06472033199121,0.369158975140934,-0.84960102892876,0.678685277239545,0.657275982899358
0.76162546723249,0.533742135518938,0.115934248002991,0.791773562795845,-1.04273907156106,-0.281776672203164,2.17504712806059,0.113908095304547,1.15932905598643,0.291478003586577
-0.890110323707698,0.236980267449198,-1.99900986712439,2.66157642283152,-0.102830470508462,0.455577302937701,-1.85720421514872,-0.669855493844318,2.60409029511995,0.89383880183713
1.8002561749329,-0.868455220205736,1.42294604733975,0.123689712639064,1.33448606300296,0.125058496875253,0.578742382691726,1.17179639282941,-1.29286916916905,0.439496353809185
0.431514036361684,0.926753461229092,0.577348015390957,1.34007019403434,1.01097180539524,0.39458327845897,-0.71706325063112,0.493753082752193,-0.0936937482305809,0.357427994739314
-1.00530605368699,0.335590280380822,1.24184437421083,0.235412367724844,1.67909030533123,0.333866198474294,-0.644055778833461,0.479970532142228,0.798079656409433,0.824390618579637
-0.470855420214637,-0.804197220085834,0.0522238415905746,0.485053922928509,-1.86390600305154,-0.664194143532663,-0.99668826739278,-0.301781192164575,0.51183248578527,0.938646377716481
-1.70128922437853,-1.13163008785343,0.852797394714188,-0.657834483530976,0.0467163419686694,1.31558192068634,0.297215922647282,-1.47092521925377,-0.852439631158277,0.312138377313844
0.569100439657215,0.49154793786769,0.350138922482063,0.470755817057966,-0.891964469880792,2.54990444451819,-0.3441998543676,-0.568033075461255,-0.435014415663308,0.217278385610985
-0.629343995162529,-1.2485149050624,0.0822634006573184,1.74843864366016,2.14447742948449,-0.236023646465172,-1.51228804199659,-0.395044897822413,-0.970621172591821,0.153314595000057
-1.54960445809933,0.0452041129976624,1.56586362995284,-2.4493615408482,1.2497847615276,0.192342784878105,0.923925275376812,-0.0730534219146966,1.18388442189385,0.054482720430691
-0.322754344652147,1.82280134331677,0.0622037320660427,0.125229160018247,5.514699432131e-06,0.176738448922535,1.2581664819277,-1.33543767485509,0.922085585377275,0.207917003268197
0.854493830316355,-1.43957792582939,0.890511494728812,-0.188952191549407,1.06059613186592,0.17822444406262,-1.01894074776882,-0.184060869818218,1.57934058059385,0.0995443501885316
0.661396878492755,-0.0188607290366373,0.945672537720143,-1.0093199826861,0.726943198285177,-0.485285069064626,0.185306948394693,-0.455661759523366,0.941456162439732,0.0114802331120049
0.710789830868122,-0.75879481358083,-0.231944407487836,-0.285948871788117,0.00127279086672362,1.2135136675452,0.881941892461112,-0.25303174665963,0.603906957731926,0.574583584154472
1.3998955012613,1.47019453201416,-0.0900132346458044,-1.19762713877218,-2.82212521267229,-1.03312758881155,1.65227828431779,-0.110758399640079,-0.219548797023449,0.271418059018272
-0.610040685912236,-1.01281566209185,-0.585307697610751,-0.316993297468726,0.600585657727607,-0.728518577006599,-0.260038552402219,1.55739916824867,1.4144868807085,0.0605968336978987
1.49942940878797,0.21403903853142,0.678352321059204,-0.772006231028517,-0.279660630411412,-0.744587202852391,-1.28592726920784,1.27669923638657,0.789730190495685,0.612292076397139
-1.7305010326184,-0.040889476370084,-0.424125056431399,0.91402464910571,0.852047968309563,0.0873600648689688,0.454552846308702,0.503879268142255,-1.09045447802548,0.537758752944997
-0.181505964926867,-1.0759207279357,-1.36309088583325,1.51180436024845,-0.995486286748581,-0.378181195465368,-2.14699598832549,0.584835673345848,-0.785047988953751,0.683459990049578
-0.107824989752965,-0.133739704501936,-2.43186036371002,0.144404647952696,0.24540265415532,0.791424607343644,0.0946657802626218,1.63982385819686,-0.50705172974643,0.368939195195066
-1.42943852681891,-1.48292741549994,0.333221639366547,0.690185319478207,0.141203333407043,-0.732937971921147,0.936078929298722,1.9591001654557,0.73686579182763,0.841147095000177
1.09984601658295,0.444312056108351,0.84248995297648,-1.655414905455,0.350529930627858,-0.143606187680627,-0.0460706864501092,-0.874176286381648,-0.341139447634819,0.100452587263853
2.49409204208792,-1.19730988403868,0.350855064376702,1.00333817988204,-0.757118721973763,0.392327201951018,0.693901315908204,0.602526142654004,-2.46006276622818,0.878100645970475
0.392991818681461,2.93223129102433,-0.997414962812573,-0.564273186110048,-0.728349198351459,0.114276738105418,0.243733549005302,-0.958908010986532,2.31697780164515,0.264445035903068
-1.18223745886094,0.236405818277975,0.852453982612933,2.11853172781936,-2.96526637727135,0.687489044763256,-0.476489568314913,-1.17250405697283,-1.12838348812007,0.926900197789921
1.04053740297541,-0.896522362072131,-1.12892874750087,0.289130803990315,-0.695506127789855,-0.179064861749735,3.54585654745031,0.740773837907002,0.579624036388657,0.793351187607568
0.799332662741706,0.947603283049431,-0.441300132757379,-1.7513115095528,0.64805619062895,0.0248003247470228,0.697817426437,0.180169843767437,1.15217785245309,0.871152784481098
0.14122993147212,1.19765218889665,2.70377408301376,0.0137206700339605,0.85793864620175,0.342936707270248,0.954722159994507,-0.501251728693902,-0.481290295366712,0.525835093975828
0.224470060173036,0.165772992024792,1.24453618297261,0.634401960631611,-0.698533515628606,-0.880848312121075,-0.808754328358243,-0.529242607371345,0.293036592565501,0.209336399973835
0.270655842971699,-0.132493721178476,-0.967975055456308,0.343740559582129,-1.45626078122291,-1.33994536218321,-0.964295872376575,-1.04212606033077,0.549328897368337,0.787168095726829
-0.202568017943414,-1.27235635494934,-1.0734583485166,0.485037128320452,0.183963386326431,1.09881040640428,1.35229268226568,0.475956428791533,1.0789559396642,0.946999353468856
0.627472234665833,-0.874603330698052,1.6764393668934,0.554068928706576,0.87462054180323,-0.972776442805417,0.499347361208353,-0.530883491284295,-2.21931950999282,0.776062867434389
-0.482292693883489,0.561937886375198,-0.532029275585205,-1.60028644474683,1.83517112025661,0.780652104914794,-0.00165948218430394,1.04505785320246,-0.725964130507615,0.0312907578891556
-1.24264162486998,1.11069945374005,-0.136876266626536,-0.204113324756652,1.46964324873453,0.681685095862017,1.02610733888502,0.749497321433405,-0.177286657310021,0.00953929018310759
2.27349375133222,-0.568704532927161,0.070240668933418,-1.52263136214932,1.1270843586299,-0.959805898513891,-2.05450386817101,-0.530484069610807,0.612819525145075,0.822919404350744
-0.566044073694203,-0.287637287685799,-0.404203725991802,0.189018438739661,0.649321323797106,-0.245353319398112,0.848288797409394,0.574759765505754,1.91721226272002,0.470105350546648
-0.279372563834041,0.331846418904334,0.562183107216789,0.0738538354548063,-1.00068909763117,-0.10239072092067,0.767093335652618,-0.589158395235746,1.56509081429164,0.624390924059908
-0.0646934721907172,0.808881431362056,-0.3950567904765,-1.21397307648408,-0.334974205176627,0.255103819059684,1.25056840685839,-0.0777565976444953,0.648774648369428,0.405508804477374
1.14348188076797,0.31293705720133,-1.54827589736333,-1.95835158774736,-0.56972658324655,0.126489062032879,0.920589730581937,-0.366564904124306,0.696347795938164,0.679729587943425
-0.854204964543339,0.951390478729458,0.562094980885457,-1.31178694045638,1.37076939974805,-2.58569042388259,0.921644813019861,0.616274421488635,0.268054380618921,0.84018952831881
1.17110343437638,1.04565848237628,0.75479159484521,-1.02098254007148,-1.91174016229662,-0.553312790726688,-0.78984933986347,-0.684721671929544,1.07912390851067,0.707132278773252
1.41299625809917,0.366783423967055,-2.22793110303252,-0.237403384861067,0.384162600146246,0.278105621831353,-2.32987770817098,0.231385469520578,0.230055265581702,0.0754544388932463
-0.384564591502083,-1.15341205126887,0.0855492545920009,-1.14904856387253,0.663384094523845,0.221750144149552,0.985053472101041,-0.416832738352374,-0.0482291058487238,0.264664183175993
0.345809868887065,-0.228910292538094,-0.28037607135015,0.0492195113596862,-0.146673145108421,-0.290204180852756,-0.559034260589643,-0.785820542106349,0.425566326057688,0.731132390459266
0.289771413161724,-0.0821744078311239,0.123684158165734,-0.875944837009375,-2.09387221172738,0.771123032362935,-0.459813266403973,0.353974956613112,0.578630575152713,0.888231565473508
-2.70206424009749,-0.796379754517581,-0.786140980253605,-0.756448795263743,0.505225740933303,0.788666121409521,0.629300765709345,-0.396430170963052,-1.39359621768694,0.0852446967053323
0.354149152732405,0.587221129510338,-0.357358759377034,0.879629594248689,0.192803527087471,1.79259169868364,-0.586548799873909,0.493442645814695,-0.464320072894694,0.643481887836939
-0.976681892190175,-0.283631777872323,1.79849194525673,0.626562888119458,-3.26326291962245,0.372778604372557,-0.0695559827471089,0.107648729096549,-0.529388196846315,0.344097995429065
0.0437781859615057,-0.66120089899238,-0.68684389683097,0.17281251201013,-1.44551530005512,0.21635340915689,0.0299194669631841,-1.97213279431906,-0.907726605554279,0.11371082863215
0.31995129337101,-0.0426542258697345,-0.688968796942776,-0.647987199595749,1.49559193201849,-0.994376423666011,-1.15237666020915,-1.03056081781464,-0.435849358332196,0.487150726170597
-2.09199795880642,-1.25130806376349,0.351563926087293,-0.481700526431457,1.37013552352082,1.68699132707259,1.86022164245997,-0.884195992367097,0.0880950082946686,0.596911072261721
0.591192368304437,-0.715616638811259,-0.814538465896324,-0.679555361611107,-0.44762337187959,-1.87310668222474,0.26584321919888,-0.211351654202108,0.818314626374485,0.55966887240476
1.83800847811906,-0.547871266828601,-0.189059818603111,2.30288148198953,1.31725058553247,0.840372894258912,-0.891165435139369,0.331208947768777,1.61183285513086,0.119079292527087
-0.114030672129836,-1.58888543100756,0.512350014132186,1.27383920889786,-1.78879558850294,-1.04020894834106,0.137313644182968,1.06406504125546,0.713261880425645,0.0566170358445844
-2.09264478354657,-2.31417866623409,-1.21367695933206,1.71974539621419,-0.79049412257774,0.0523099814281664,-0.614660890675686,1.14055487448429,-0.32208580609278,0.565510144726651
-1.20971869880308,-0.22784526182347,-0.173197326849828,-1.69919346055599,0.615235406616891,-1.29793701774432,-0.218784731116555,1.20540785147035,-0.855369435717615,0.0288117836136727
0.566378396649066,-1.60773003735597,1.30245264135793,-0.268568651917105,1.37571591895685,-1.76864012197476,-0.267998059495396,1.05914576828823,-0.827770600035221,0.857520422832689
-0.790490015224629,1.00836235242722,-0.0410806792307958,-0.536985436291905,0.595044061071272,-0.091623514851633,0.898971264904426,1.04392198605955,-0.226066321400402,0.755306287941231
-0.0653968995361515,-1.17725209846927,-0.551522419065429,0.0780850604030466,-0.560657930927672,0.421915679289251,1.5368364597803,-1.11853834142098,0.963855003206204,0.436220502201814
1.18958701951705,-0.46943006360076,-1.18990118424456,-0.244237599529588,0.133472521345274,-0.0257759638689811,-1.62712635774853,-1.49919493048516,-0.305981394708158,0.758273062665645
-0.944580351748997,-1.30016986647371,0.30667837940851,0.871090144890188,-1.52217596206887,-0.93516861860938,-0.529077685129413,0.138144810316486,0.062069208428992,0.942652545701122
1.13259264540983,0.779396657346134,0.363598457009613,0.267529577378488,1.81036342538784,0.506611698080202,0.790842283015727,-1.62641361255016,-0.0892209113747246,0.915296496819756
-0.0468232079528189,0.549443486092515,0.47745330874411,-0.613444135308457,-2.1259800146859,-0.207927923310578,-2.08344945852734,-1.67372689861822,-1.07350283586106,0.558391212507467
0.0263018365977697,0.7956412562273,2.50876090711745,1.14432847484903,-1.49397445586352,-0.591037838913713,-0.931360455045753,-0.255324543347519,-1.30418207150418,0.710009886937144
0.769751760684256,0.602426931714912,0.724310305816275,0.647242028970977,0.152046074844893,-0.840929377111255,1.04767044480819,0.272687031151334,0.496296471549866,0.074477533265403
-0.675925765384215,-0.0806659453752445,-0.746557632485992,-1.99033628909655,0.673753081098302,1.14245015815269,-0.385328416673134,-0.164087454104633,-0.318310130510575,0.922879568601417
0.465065432558793,-0.262106179611108,-1.94130283371824,0.0752434481063247,-0.890831407507315,-1.42932824986744,0.939922310944511,1.27200837860895,-0.519808686601286,0.217832849571643
1.05408167977924,1.85176327951241,1.01951917483368,1.25397568596833,-0.706363472036802,1.64115568624898,1.09613105853059,-0.143019442770424,0.804952391168502,0.830778438269958
0.697283344204234,1.14456881075419,-0.757618035177229,1.09693917807573,-0.765148857892682,-0.860174376129244,0.0132040557793182,1.20666374456076,-0.411029069818792,0.410840505974268
0.180776584516503,0.553393718512668,0.404771704164997,0.293951027909555,0.437472428333448,-0.608317856450539,1.12356006476847,-0.287205771112347,-0.269209694023769,0.0988318145938247
0.41398264292719,0.816135400575774,0.00949095630490348,-1.02659077905058,-1.82515825005969,-1.29323574125384,-0.249495401607012,0.200160570861503,0.784574104498242,0.761910037961187
0.144610242894072,0.275299087190668,-2.25546911468307,0.560688386599958,0.370169719168402,0.389770297944619,0.450568869036094,-0.786644502473708,-0.664330902688155,0.168978957919836
-0.142758225376468,0.105206876366985,-0.467598154200368,0.0156975258549026,-1.02259252680188,-0.343223904434618,-0.610312931561497,0.52045858093708,-0.350073599174145,0.307448589238093
1.98715488601647,0.804527788857048,1.29343202367122,1.15622875466668,2.00947247319328,-0.23373423623506,-0.485502106452737,0.948413600742827,-0.638114561428049,0.847880314192602
0.971920222919196,0.0465680565447593,0.249521353265547,2.3606130693442,0.882690785866408,1.72397162786541,-0.739368489406013,0.714153360539977,-0.684610882919907,0.257415558680403
-0.975112434102705,1.10712503476581,0.316845828569581,-0.921290542257356,0.371367608219798,-0.629295428178839,-0.87636345127699,-0.0763891115342195,1.85898958485523,0.0805452085003386
0.0704972873838143,0.186303218850061,-0.0266837815090989,0.673851078263133,-0.162957201331805,0.970225725044744,0.945541247053153,0.0560627939012266,1.49395437089839,0.575644680767186
0.9618920488008,-0.212022399792586,1.55804733897998,-1.21027559847125,0.684076110958796,-0.86927588592581,-0.428901251236604,-0.138482558482659,1.12304697971509,0.839768753471988
-0.200058712570286,-0.0642673223896063,0.495757850962973,-0.971737838214056,-0.00883136398044321,0.925794182454026,0.606063762950729,1.01002791517278,0.874347585668837,0.79386141581489
0.402911011161192,-0.616742028961347,-0.406815623824998,-0.77282708787983,1.19574383612755,-1.27371161030059,0.137778049051221,-0.875445791326302,-0.599099762985577,0.398262388369142
-1.86034243820307,0.63270477420063,-0.626881049229191,-1.24027351415577,-0.0689144348533179,-0.771744212063722,-1.29813797950901,-1.1429064052627,3.22949379909144,0.233008022265059
-2.35988025654395,1.48721938402647,1.3457498826512,0.740842438703722,-1.61603588482176,-1.06412965436927,0.0788632500476453,0.118696265530794,-1.33954386991388,0.105006815918494
-2.01346102657115,0.648404224542146,-0.9886190689691,1.81537204671093,-1.77546380525452,0.778168441112388,0.271930983671092,0.335064082804968,-0.597860831129523,0.598986524645766
0.826799411701232,-0.0667479956108619,0.244028241228121,0.453449407050808,0.62950955437696,-0.627568516928046,0.922855128211475,1.94835629714297,-0.526194914484208,0.346090273583549
1.57275044092644,-1.31709667880583,0.433022099835012,-0.0448505134783868,-0.592752125675794,-1.2457663304949,0.308536047080108,-0.938943489981034,0.667502027462404,0.818361655302094
-0.507910409263873,-1.84958225943064,-1.29556866307069,0.600915146259388,-0.302104214944096,-1.27430454355608,0.0308878286332565,2.00117860939712,-0.235345129472467,0.987313336033108
-0.526753285914124,0.595321289905788,1.85493902963943,-0.625302564327815,0.857559487314289,-0.0669499848838166,-0.0907172716403385,-1.62766126462696,0.0262622035851747,0.510919561334298
0.0744212139238892,0.698069928942396,0.85872398118339,-0.486964917343888,2.45805201640307,-0.545755251719168,2.5842344910124,1.26934604362386,0.903323116518788,0.760963488385677
1.5138312994641,-1.47138075268795,2.3555827652621,0.9653150420487,3.1576444513172,0.450907430973389,0.498255640312249,-0.4173143399905,0.419854856650243,0.991364492700074
0.0712036668723337,0.487949585192047,-0.659222057565335,0.654985535585637,-1.67843200833334,0.809141957416949,0.184352328405663,0.0456519657792066,-1.38558518659013,0.182609000183242
1.68964914845953,1.05796346402512,-0.770722959700985,-1.10860143420026,0.124156953180802,-0.709183018787109,1.66299802435981,2.00430281769308,0.0344740073686735,0.68632723346876
1.51642485900839,0.160472224994429,-0.0246672587393775,1.62722967986523,0.971086424740232,0.957411669845642,-0.615350240404986,-0.141940459858186,1.23825461132425,0.461218442233555
2.577504525829,0.767082446826322,-0.449273840824307,1.68655316895876,0.266827192991351,-0.665036186635745,0.29267774666636,2.13215883141885,2.20912066799301,0.927540293966949
1.08885367532476,-1.39084928982651,-0.136169377213854,-1.25137042615838,-0.665801691522447,1.08050758482835,-0.661242814556534,0.454453310122244,1.49836320962473,0.342750879309259
0.287875010697745,0.612096013624113,-1.15644530532298,-0.935214136204141,-0.502834739095843,-0.340055180795887,0.0427914511945737,0.00393896750005309,-1.16668069650782,0.0185165022061936
-0.350655179696448,-0.0358593341419929,-0.762585111147095,-0.539834749235027,0.314776782244545,1.89528700231023,0.379672368037823,-0.492793356446847,0.247757457351407,0.872039029956867
0.851002768333251,2.48667045525932,1.91963459050678,-1.55991460089313,-1.64010550908493,-0.307133535669523,0.386535472153591,0.614029356745936,1.03763102955642,0.604964312602321
0.184385617465267,-0.351979911475116,-1.30453419261705,-0.888549058214141,0.0154724214679099,-0.530422840824597,-0.545476649101277,0.271022269075162,0.422564339292907,0.00740822648471477
-0.732981454455346,-0.614252890571667,0.27383162033965,-1.07409433902986,0.23686252352709,1.06118202845865,-0.11223931254681,-0.335657545720015,0.954031470568977,0.216136141225357
-0.960065880068472,1.47824355496129,-0.633828170752458,-1.09146876678999,-1.04839563154329,-1.258719920869,-0.746118858689153,-0.975531116083172,-0.737634753954363,0.0499608822320295
0.339705455798135,0.404890241824236,-0.676013732469868,-0.589584411721567,0.595045415414708,-1.39722907963911,0.627285732285313,-0.270274278477337,-0.0623097628641061,0.616339267383021
1.32460960564621,0.852183698862472,-0.63786280014312,1.58342084782142,-0.742903907534024,-0.172899987678784,2.24587338254947,0.229805434094227,-0.420059373367182,0.667823456264003
-1.20546085744489,1.17671918892838,-0.723612858396709,1.13345579425286,0.990087857969167,-0.438908340987835,1.11526162762574,0.770996736919204,0.553007663713027,0.414748551314082
-0.69464521141904,0.628950472628076,-0.741579996640439,-0.25988634682728,-1.18506061409914,0.0353271671814478,0.263302794355653,-0.921553476003187,-2.18636594240585,0.071879454624644
1.75156675892007,1.19851924660437,0.0382832298707087,0.744521307369857,-0.402875080893176,-1.16145502934113,-0.461774930302773,1.29304857925152,0.752165609123603,0.845846025980192
-1.2592379437984,-0.174176951985726,1.76427751306593,0.525199481107233,-0.445514548940321,-0.0467330491189363,-0.35376131078006,0.30092451058442,0.217423138571967,0.505749250573755
-0.654938712849234,-0.871442314737309,0.643756290536773,-0.521062081741843,0.0354116177588913,-0.919090385426563,1.21282981448581,0.763719080135861,1.25682810275529,0.635426661172312
0.374469243638116,0.52029859613714,-0.621887951329437,-0.573235229625439,-0.44054511843576,-1.02337402479201,-1.27310954068688,-1.28040998996568,-1.00872519669175,0.0197075470502719
-0.0770950688542399,-2.03554793390266,-0.250162498924182,-0.493787925348586,-1.74292316782706,1.16314303617496,-0.189824418865867,-1.36432860767363,-0.311555955592213,0.802666906325424
2.22862483056683,-0.26078680381982,0.443949546483113,0.988428152907529,-0.269843656918112,0.751782211988159,1.46983516289677,0.475488189428221,2.29159576085825,0.931061684337523
-0.039204787196376,1.45789527365795,-1.03632064952727,-0.887119849865485,0.80008092601132,-0.433418110600224,0.680662391591409,1.53309589271503,-1.4737674737037,0.203140493865885
0.661113249426335,-1.80697971745109,0.0908512193189586,-0.446105624830308,-1.52171875919199,0.234415687512621,-0.636654114970458,-1.46042767768869,-0.708974555405245,0.718278739229729
-1.07897181825382,-1.09667618996379,-1.57039289494939,-0.185470956054633,0.805728312936466,0.0486895647287967,0.773919005931212,1.01992470196521,0.38450849620621,0.871203227393305
-0.685620997667816,1.69811892276848,0.285730464095081,1.09530878918297,1.62857146991278,0.772360105572118,1.75191215059174,-2.15052285171911,-0.384115798681589,0.302327693282534
1.4266627087094,2.27399361795813,0.41116672053221,-0.243780593268823,0.00100498395117714,-0.80978702538719,-0.845296763270484,0.595506659080199,0.688876340544794,0.646966871892506
-0.352272521995046,0.769893480345602,0.316490448535508,1.3023745877078,1.2649447110462,-1.04428082957455,0.0693248097741276,-0.726889003397905,-2.22896486819403,0.740614938297218
0.478216418034328,0.899325258730632,-0.378542989579836,0.78006391975458,-2.16671343919322,0.337947670911497,0.039884882702291,-0.0516075256133677,-0.869799099572596,0.103083837178403
-0.705506202866504,0.418096776627284,-0.502573915348853,1.47098028135811,1.35240233311647,-0.934536335530549,-0.0194013301980538,2.00777165103753,0.449668461546345,0.652277321593132
-1.80168929900241,0.746358851645494,-1.22838944874205,0.272722517123273,2.05634970946771,0.137186184597065,2.27648307241048,-1.46159680489715,-0.0968609023147342,0.953185923612898
-0.055622609403014,0.644293547406623,2.12641425222889,0.770474408428267,-0.140449883843995,-1.30468075526518,0.594536352755568,0.235655384452285,2.8644103904549,0.992237931589227
2.65331914560869,0.277461758863871,-0.192819736915793,0.279038738939137,0.986538666059702,0.634626826845345,0.606464908369893,0.300529628522152,1.98102979520677,0.68510541657761
-0.916036759351616,-1.14944204428622,0.580219948515873,2.32934956425872,0.477686062649115,-0.242774077943275,-0.449874816852273,1.10823789020795,-0.317348029779496,0.0450386713900349
1.13654428618024,0.748781252115947,-0.112589600906827,-0.345697444855964,1.05119045178274,0.56721604713911,-5.02297533455931e-05,-2.01826088871139,-2.07950181115466,0.134385205806843
0.0792223873251885,-0.10051299981623,0.363502356868489,-1.03737737284195,0.3625471347368,-0.0798859534963079,-0.829087807037678,-0.906772477332411,0.0980631731667986,0.0539254736050038
-0.333647812369367,-1.16685267210069,-0.0774253975334778,-0.270933550596495,-1.78606854683403,0.415350560921512,2.21835917057331,-0.170045058052037,-0.0837113876640207,0.253952117250031
2.18005789522182,0.886348784704158,0.377182246787751,0.473262048701231,0.132212549271895,-0.672821344347768,0.118173560315945,-0.486878096963238,-1.65281340128127,0.423873983707317
-0.433428920267544,0.246768376827162,-2.48546935340695,-0.287680083214159,1.27815476906195,0.58707979905087,-1.13888950437699,-0.406228658642288,-0.342500800937509,0.921566700687005
1.4118691976246,-2.33831507040055,0.370908532832055,0.50656464305356,-0.4855955952163,1.51101802803567,-0.361721722011752,0.810136214039772,-0.877310315628961,0.28325599735107
-0.433833387210086,-0.572480847530184,2.2275917243596,-0.0428500046897533,-2.40807658743186,-1.89178980134802,-0.999349580816577,1.66004067128087,-0.612557987483175,0.162628793601195
0.602743255140412,-0.553478394378149,-0.114433720841552,3.39335068942093,1.60307328733813,0.651731892790436,0.604126828751569,0.849744112193974,-0.569964207864704,0.990872224587595
1.16080029344756,-1.90819626280937,2.34126149268312,-1.14203681463664,-1.48757887300673,0.389190236368542,-1.30523657470702,-2.3740955853391,-0.176620232762304,0.932890564188952
0.0899172057848732,0.00517798777683515,-0.836856657459458,-0.70130342096993,1.20464078752163,-0.429373441680359,-0.875655275366618,0.00594665425726414,0.498661624969604,0.129609702197895
0.26256354434695,1.50935167201113,0.95934050496222,-0.751141987294669,-0.662673751263999,0.612114636744046,0.382125142033237,-0.434067710133448,0.302168055009347,0.204982816717648
-0.388095666900755,-0.435339187613374,1.58360127360486,0.0200450996817962,-0.0128867174427911,0.0933817859048399,-0.105271790929848,-0.109350445909622,-0.953020811505881,0.0734344560347291
-0.315856853309375,-0.544946359621877,-0.983508301178457,0.170467259876397,-0.262795659492255,0.67094822979568,-1.31230817418199,0.884155813014449,0.520236817537783,0.392939312780118
-0.806346802454562,0.796210183879177,-1.64009083982955,1.37432713636378,0.787262100807197,2.09496800301698,1.01960800234186,0.732488903040219,1.17057229984135,0.115247961490121
-1.20014830058079,-1.39715248152335,0.600876644204043,1.61433615148348,0.169587129458036,-2.15269867592651,-0.836227123578135,-1.15089014761014,-0.589386458761,0.367169167370619
-0.34310364008341,0.341422292192844,-0.0425266261172173,-0.5808989544801,1.04230266223437,0.360452999253578,-0.599539462860233,-0.963090449643521,1.30976568231584,0.715749707726622
-1.29228350476259,-1.13684914629098,-1.31398379684841,0.904598228821944,1.20391423873333,-0.180182380091808,3.59990310053168,0.933964533272955,0.432251638003928,0.93671287080639
-0.480696801897055,-1.53257078567678,-1.52807335544296,0.48256473910416,0.0647264572144565,1.30948188259101,0.521195568265365,0.520054431246449,0.608514177908482,0.384706978491909
1.51426216731784,2.36159266117045,-0.45626706445799,-0.435277867200133,0.015305885564326,-0.919392368628485,2.04872911785968,-0.67893928026076,0.470723855336337,0.855296884091221
-0.534940610132019,0.76848545505102,0.66983555988134,-0.0685948146879412,1.75679152427278,0.379498760504701,-0.297481237826674,-0.857710199884834,-0.114261491323603,0.815202560781947
0.359041058772443,0.10189592539075,2.27134318011404,-1.65500659509269,0.0673208698422991,-0.771825227570417,1.20151822441805,-1.31667205161141,-0.0413113394938184,0.314522414987545
1.50639928642895,1.51712291818789,-0.50188302172918,-0.922257340179863,0.757695472566052,-1.05900988495564,-1.42693579188951,-1.21056597987922,-0.495649544436808,0.514581384369474
-0.364507050979959,0.60903717176974,0.380773126964662,0.488307703851812,-0.43672912530808,-0.77115759663512,0.590749468095354,-0.507454115914586,-1.144699115561,0.0434574837860657
-0.548800626299031,0.648622657172604,1.37345059880352,0.844069267273058,0.0120451368085083,0.176193850328861,-0.676333658675731,0.964747820571442,1.44952969801418,0.904434573123554
0.927820414905012,-1.36571837493634,-0.786658215499144,-1.53132451707652,0.40320359946864,0.136541787565883,-1.47909188797965,1.3830316968986,0.221613014039059,0.860496290563287
0.412151155181367,1.25617565886252,-0.505642819568348,-0.787962927292702,0.90646212412183,-0.00726441320809092,0.220597626723803,0.662726889086109,-0.978177525022622,0.688057704594307
1.92077706432661,0.319761815963384,-0.154740905506276,1.41070940671071,-0.405505391372758,1.84411334987627,-0.0518023718558552,1.52095465110955,0.0643905855706077,0.916273091242515
-2.22742423607314,0.275698528829426,-1.61430659974098,1.06605686911554,0.626168521247019,-0.879641414140577,1.95248689605768,-0.120829426681627,1.63772712953382,0.577253027177259
-0.139042175460872,0.457113625203764,-0.217536905007509,-0.890704282886341,0.616601521932014,1.14493950488839,-1.30781815081977,-0.835041551094095,0.106111416991744,0.868650814037991
1.31690350170304,0.714757982436162,-0.639596510609704,1.22117748769178,-0.217480487380221,0.441097033534283,-0.939843224359808,1.97830643728533,2.57197378146989,0.972247595844736
-0.463518693913916,0.0479600092578227,-0.268679571679325,0.00340806760131559,-0.101196625085282,-1.50945651078773,0.703132409779587,0.900932715564695,-0.352184990546108,0.538934331304031
0.926377246684209,0.024831058820028,-0.770967815815676,0.482455843205305,0.942895040689301,-0.948452244234856,0.912985239209345,0.0358769500260563,-0.653646470987226,0.685937254448727
0.917532523573924,-0.112489058790717,0.497365766627545,0.0795351492178497,-1.41548267758229,-0.182803740647136,-2.10379272977677,-0.771087683723585,-1.22091136738912,0.0718548040607658
-0.18413533182617,0.1943013850756,-1.12115266844289,-0.709729666331663,-0.3389619629195,0.576305012329989,1.17631177839262,1.04301396504102,0.276396437115367,0.795891335482634
0.78187754683825,0.958213515815895,0.0845588919590429,-1.02232724114955,-0.751925942567337,-2.44356862968233,-1.14142843377794,-0.333730527122584,-0.175123969270888,0.577592522412014
-0.468666071161744,1.33299697763009,0.236911209505655,-0.0824354381414176,-0.382224072278519,-0.926159211765197,-0.976430884368769,-0.0385480059420107,0.533708500795112,0.518329493799589
-2.15326510035684,-0.506166837879608,-0.0996698218347313,0.661118633192998,-1.05364029172574,-0.0314519533855555,0.535026078015684,-0.180778862577748,0.57835215853253,0.87070687982033
-0.872882571597287,0.490384246293972,0.764974865818395,-0.432381098898757,0.220654008345137,0.875975356894412,0.774297451035803,0.726298042440897,0.990933366592817,0.12313863049721
0.226165955046957,0.926527604591169,-0.759458639968888,0.906012193272269,-3.27173533523062,0.168649857309732,-0.866311295924773,-0.226094276339735,-0.70127628363973,0.611675942040374
0.412759286916783,-0.354986717173976,1.37109832028857,0.784464164717025,0.518753260849719,0.21848623747203,0.419032162374162,-1.82747169438161,1.2250097618151,0.600275034843592
-1.23216287775227,-1.98104598722597,0.285856554734241,-0.110187557551714,1.20606860493096,-2.45645815367161,1.14782806442603,-0.82653982344547,0.585950680692807,0.183431120021876
-2.07214207512519,-0.554112169564016,-0.597850231930045,0.628646000734665,0.143541136760104,0.0861258327474781,-0.902806957085857,-1.5132975795248,-0.214971564275874,0.611417191345573
-0.507816235688547,1.58754647980364,-1.70401924957452,-0.429899262730821,-0.352780434137521,0.823137794363001,0.937039435046082,-0.689380711009473,-1.67701056017667,0.0485253775609031
1.14361708477406,0.151659615762019,1.6033269935679,1.56675734867627,0.865316660290396,-0.429521374382996,0.809613444100916,-0.768161601323501,0.0393360877254381,0.358940711804871
-0.561753986063175,0.0914557425457126,-0.215761438240136,0.442329004292248,0.364554817184208,1.45336110029476,1.52697167931657,2.54916556313293,-1.65246032604044,0.864900907297279
0.349097369139516,0.0642239488117999,0.433899564970234,-0.314895468851943,0.806084970668282,-0.610197298123001,0.717302922067836,0.596138972467093,1.78194640151314,0.228782729198971
2.18430045289258,-1.71705169666623,-0.0230650665257151,0.21455947573957,0.0719945552839566,0.757410277426554,0.702097333644575,-1.20382770546893,0.155160221989818,0.917466794645484
2.10897727989258,0.490159950937396,-0.479249339139743,1.36477080455482,0.0153314377163741,0.658176327046001,-0.000812626590319169,0.383128375978419,-0.936921157213039,0.94945290413182
-0.135836402679316,1.1832071307296,-0.916653641705816,-1.92642272107756,0.764092648113706,-0.615807942863558,0.0617804761558773,-1.6716231483405,-0.853612391880511,0.961867127567621
0.334922055778397,-0.497950018787905,-0.875162854987894,-1.05855935563938,-1.19737553625853,0.249926027129403,0.135062522494766,-0.00485961213493531,0.438020459127884,0.851512366334914
-1.53155238638476,-0.391208654787382,0.31420913402533,0.979228455255672,1.31634877155791,0.476217989239652,-0.600024355983507,-0.351909343963428,-0.636973393687671,0.811582510594382
-1.59332624416436,1.14288950478055,-0.186251833005059,0.19005363826121,-0.129764546018409,-1.38952303193006,-1.4739421721149,0.935063883514776,0.882820760991005,0.038969920011402
1.27040350925642,-0.0816401219799555,-1.49907771240586,-1.46746408162012,-0.57214310382391,0.177758536195338,1.51162961930349,-0.0697451387649821,0.602770774502525,0.030657135040557
1.11259486331864,0.307770016968387,0.702982794596307,1.33385484024559,1.25017786494309,0.00691785937259768,-1.68320028922952,-0.957273206600554,0.494339763214675,0.156557717712265
-0.443321936054419,-0.521411539880232,0.320701010025532,1.77637329929148,-0.529868599928766,1.03941913028688,-1.86668544631543,-0.169250958047296,-0.3778845142956,0.857526203023068
-0.352034536391948,0.940684655937196,-0.11000847746465,1.07256908573865,-2.35497856311077,-1.14189204698002,0.65030558515918,1.65692479194831,-1.2791279700804,0.690743204964528
0.911912276438933,-1.32648966171537,0.503771739190419,0.0736075386408572,1.41158738895563,0.488346041175821,-2.91977403714942,-0.586291119970689,0.883853335045479,0.310634274955427
0.726115157544496,0.419213467583449,0.031808310930154,-0.825004389824786,-2.47298806591064,-0.188019821268987,1.30545729732563,1.17472756140714,-0.884264440056004,0.672036645074354
0.85230131537012,-0.729094751410962,-0.894816005467946,-0.515508668897638,0.302311285286188,1.49697765155491,0.277375849327258,-0.80746718819372,-0.113001313517167,0.575944112387783
-0.144355472657818,-0.926787492291995,0.805105202873652,0.958065584827541,-0.879556877213273,0.308083487854555,0.878567385667474,1.23096939489719,1.4130980540276,0.785566586619753
0.41510444046101,-0.610444228973759,0.229092270132143,0.0651695072247024,0.925521109208439,1.74356804450509,0.547518789839209,0.452589495623668,0.143476497029088,0.904850506996077
-1.77676609371119,-0.146854486337988,-0.210076563548375,-0.46973847157547,-0.660296186629284,-1.26848798416812,-0.338198137036535,-0.49597186937682,1.66288072549901,0.0744555892029224
0.977502855766699,0.308668269350265,0.341730211253792,-1.11555809809506,-1.10355611708207,0.0706288584825475,0.0786703415737322,-1.2045898026517,-0.65004074853301,0.296257654160683
-0.796764437055354,0.861736137193157,-0.140564335346947,-1.63384023136855,-0.23133864276998,0.860837365648102,2.44345113125112,-1.30658250278675,-0.625677588557291,0.594356949381869
-3.01420065352299,1.1679676432043,-0.475882163654239,-2.67080849049016,-1.00200106532223,-1.16401682771536,2.99287386479401,1.22508144177837,-0.676761947179059,0.270460028179107
0.828080463552128,-0.656206873955024,-0.00883477468622352,-0.645158676131163,-0.598771622991552,1.34352725965594,0.506760080677903,0.293742749096688,0.617510938773484,0.0103201469851591
0.815398339560021,-0.937947059383447,-0.947621158249605,-2.67746962493862,-0.454842820461001,-1.46875647892701,-1.89337424506233,1.41485349091079,0.416519555784822,0.596235017385569
-0.763059974285987,-1.54003799811263,0.674158892016833,-1.49103617425144,-0.207559836522659,-0.493696557168106,-1.68519126951812,0.573232931678219,0.559456411672759,0.0467470017377128
-0.566948965345536,-0.949020707852776,0.237093732997962,-0.537680773881062,-1.06570097856764,-0.430514263555063,-0.00303684101480521,1.07004817334867,2.17282340533793,0.0316092582377728
0.230506825616825,-0.885599149168813,1.26207024067561,0.318749648547626,0.527328513402025,0.193182312722855,0.20262365268015,0.060173104116924,-1.35908368032429,0.376321762255083
-2.89665687268794,0.599314708839828,-0.581468783682299,1.95030574713488,-1.07069841312927,-1.04200364577524,-0.537389836353751,-0.152542590336441,-0.312908667738802,0.32141527620228
-0.341574979644169,0.73931957989417,0.765029612180433,0.222296539477616,-0.384059208124846,1.00523898768005,-0.64902796461424,0.455739827463719,-1.11604055448397,0.74171336414778
0.135701507332144,1.43233805365524,-0.955524000414458,0.88075820908062,0.446512715287925,0.405022569532489,1.43771351034022,1.77873191438426,0.715362892476068,0.820757900267702
-0.637890262000656,-0.283065524124784,-0.0953434370041374,-1.92689360100289,0.680694452640789,1.18783047250506,0.299418841727228,-0.444623256409797,-1.13499356849038,0.877692652082208
-0.0190110458595986,0.350367789001178,-1.75175903477334,2.35643361465983,0.395106743831945,0.0728163277870025,0.648601493751318,0.327545036737611,0.371736275486432,0.371014766347936
1.47466104436545,0.0789770902847169,-1.17634927905159,-0.386968549198718,-1.90983607206233,0.111937687788312,0.889796065906655,-1.39389931791878,0.561899183703819,0.0495071835984428
1.35004957341407,-0.93054080418292,-0.413839443758896,1.87357784306027,1.23846241155092,1.52326276114803,-0.71600632158083,-1.40262929680393,0.664354322861859,0.521279515571695
-0.042931568537978,0.00431800262466859,-0.0723706823481843,0.354638087743172,-0.926516191687654,-1.1863076730939,0.770503085011921,1.27244092716129,0.907997344809331,0.941719621597643
1.586459486818,-0.587206928163783,2.14567626227977,-1.42677864017204,-1.00285510919895,-2.2641410445989,-1.23786689452858,-0.584226193451602,-0.213781446869168,0.239257305206518
-0.523642057043404,0.0825577975746387,-0.179012453959588,0.961368350091049,0.447294365424874,-0.777107763021036,0.382823082429668,-0.193425308825691,-0.364674627691151,0.200285468541067
-0.229361442214097,-0.328211568019032,-0.0991938188793401,1.19186597681705,0.757918510564209,-0.616832391083531,-0.76327055520814,0.456787970481419,-0.281331813581598,0.781787386894042
0.779089218967199,-0.470074710561893,-0.266612237189422,-0.0789076670739375,0.506661467511917,0.331057818549992,0.265507524869817,0.00909940307180968,-1.0849161990725,0.924322514899121
-0.37472851859806,-1.06769019737204,0.2561397894135,-1.31500773249487,0.304934851997048,0.0394764494969023,2.2521281276087,1.01741253655222,-0.294100710184102,0.992909704153695
-0.00953365872832677,1.1108736456335,-1.05135097898852,1.31670918603786,2.25295176312067,-0.614250170472786,0.0712129559559308,1.13973694772589,-0.273035822462557,0.854639891210524
0.723261114047751,0.10297107324031,-1.03313233558509,-0.284409775173617,-0.366224464404211,-0.366487634553832,-0.99127594236964,-0.796846459147478,1.55558109533293,0.905419045209217
1.17999418554724,0.239572778160799,-0.894468646003812,1.72707770589792,-0.765053414567634,0.466424108593274,1.69602895742715,0.00176226375305388,1.38494251807339,0.723886440398064
-1.98658606199891,-0.879905793210406,0.306722392033184,-1.36373043656416,-0.486339178061297,-0.0956712726363413,-0.0806980139972289,0.171702978612769,0.628441618528138,0.0610415917217184
-1.30144043361497,-1.37100636293167,-0.947290844240455,-0.642540722514708,-0.234459257036833,-0.0613193385693424,-1.90016127704219,-0.931641166367626,1.76533464492209,0.407031108851704
1.9757846111215,0.0258899794685537,0.504099899077113,2.32142355621095,0.0146375493301149,1.70046191929906,-0.931212454239183,-1.03146628751053,0.812919438168367,0.0992168234241611
0.0149390554847815,-0.373530737570094,-1.37056425353961,1.38621404461014,0.110590389337456,-0.273084333615381,0.0880302212964519,0.713364461435311,-1.02322994408093,0.716462184516081
-1.51390194636212,-0.451792846367832,-0.934803398775374,-0.509258863853053,-2.05025062622048,0.389510884045778,0.117331056104585,0.586420638245981,-0.125365981306233,0.621483181697016
1.77609252747781,0.160864646550809,0.247805826324016,-0.106930072848344,1.82327268465885,-2.27495228087577,-1.96869899162128,0.0418554898742221,-1.81642190277848,0.215151451376764
0.379402040590313,-2.23487690416044,1.64106848709157,-0.365403221339011,-1.0265032439393,-0.0926329549663353,0.439175128079001,-0.872634908892425,0.108450565767085,0.762814284657381
-1.29317811826638,0.272942930704653,0.150784326442754,-0.518851419682158,0.215628625139566,-0.361360965399598,0.985844937454605,0.589304644002974,-0.434017436771144,0.131925388273025
-0.917922102851588,1.40605479599619,1.68206051446774,-1.58028467750416,0.0911091566906792,0.123161604409084,0.425400436868483,1.73297310234429,-0.0446984348084094,0.137735025181639
1.2921775167306,-0.364700521993496,0.451588558468625,-0.851827715504379,-1.72140131392176,-0.0430722421479671,1.17048258956596,-1.88729868748817,-0.269840635651509,0.921140966607132
1.19620672911256,1.88786969634996,0.281307903965119,1.79797852145421,0.705728596892243,-0.178664917775217,-1.4817146289809,-1.11100749085777,-0.159903282716214,0.767375134796091
-1.49538784087553,-0.102706663976297,-0.270386901230169,-0.406227316960604,-0.384852265028079,1.12620435494524,-1.63255279194414,-0.247303181397298,0.162262473256456,0.0905777899991571
0.581450964512422,-0.495473592731504,-0.456566824339773,0.271507504769118,2.37506662604168,2.07303558822958,-0.602990534884908,1.01253142993971,-0.823948271090508,0.912404118471331
-0.593513926297851,0.495256912176554,2.00720758854408,0.0504922142661584,0.392252797455137,-0.657132711537072,-0.100302861285594,0.0489903068904719,0.878301938401173,0.146237384832265
-0.873416139570305,-1.01352766588483,-0.223058819102515,0.661164764605088,0.581243592822358,0.897901981906892,-0.772340937204014,0.461051764514648,0.0328764557046247,0.489613292053424
0.238471192821287,-2.96791344867928,0.0838645646515043,-0.534573660512885,-3.28720733577123,0.810693545832775,-0.74220947848493,-1.70834374762297,0.515290486278562,0.00270672727682392
-0.20786965404132,0.756193629393497,1.14646687046164,1.38858159940971,0.964690601621686,-0.557338250216887,-0.121061986944122,-0.588656410700768,-0.0510495916331902,0.995443551105176
-0.39238474966872,0.048670380376017,0.459059149004249,-0.323404691172118,-0.25022059456077,0.722336452161563,-0.381286335161213,-0.84626911125761,-0.199730410426177,0.863272315228511
0.634415531034612,-0.0321879079157172,-0.116631694317976,1.01357286364695,0.608682934275292,-2.13965112121908,0.177277931596988,-0.873404120322638,-0.318928004916136,0.112547704259052
0.26452411259727,0.110623681002128,-0.227894448907339,-0.452264319037667,0.157107258380011,0.608964257958444,1.34205302915755,0.644452699767659,-1.33278595582579,0.0269627816805186
0.261306719191418,1.17027473517815,0.790378260495884,-1.4463850553581,1.32854814611225,0.916183021617838,-0.721558936940684,-0.637094082312819,1.66314881979128,0.163939212052873
0.654314348057459,0.410107358928412,-0.293654927529561,2.26186513489718,-0.120544070620277,-0.276727054730976,0.986771429651497,-0.572977911604177,1.38816716647122,0.972279354617265
-1.23726733853397,-0.396884924152996,-0.240794556750442,-0.740326262044941,-0.216628904612566,0.557755608581372,-2.12672557064037,0.801331602736176,-1.24244967561835,0.00653816756859091
-0.208163270733907,0.790525681633926,0.805666404680976,1.25153014594364,0.395934370046516,0.947154519050446,-0.158175719916273,-2.48599562131281,0.748083920566034,0.890663112080139
0.488430183870168,-1.62951434806992,1.48916892263694,1.18777845148777,-0.265415647515748,0.0407352995757051,2.96265990934027,1.28752926324242,0.18889625472969,0.813626867026451
0.756159844349847,-2.52088290613849,1.76929755624776,-0.186057121106679,-0.0914700856958413,-0.0622538926081515,1.099805173537,-1.06811634950687,0.165783828807681,0.39383178585258
0.258904568106926,2.03226496652953,0.362504926704286,-1.43049006632583,0.176709814056728,-0.891304208484103,0.294684093209723,-0.323311498972815,0.848414811984719,0.00387579175398148
1.16447876784839,-0.602761349392579,-0.00287219290965196,0.105496942640585,0.151438259767697,-1.01540518937849,-0.209365596164614,0.0705700652280876,-0.613517760463897,0.193946376204662
1.46258215439064,1.24030572046663,-0.906840630548915,-1.52268765411217,-1.10129339006736,-0.324293659029023,-1.05187443060431,-1.50755236022466,-0.2745061990103,0.21736613878684
0.661681052024226,0.0545047805249363,-0.48410427960198,-1.39927612351445,-2.26905198164982,-0.581437009139228,-0.69597644578381,0.176548628650103,0.0832846488448721,0.0666018016818149
